-- phpMyAdmin SQL Dump
-- version 4.7.3
-- https://www.phpmyadmin.net/
--
-- Host: localhost:3306
-- Generation Time: Nov 18, 2018 at 06:25 AM
-- Server version: 5.6.35
-- PHP Version: 7.1.8

SET SQL_MODE = "NO_AUTO_VALUE_ON_ZERO";
SET time_zone = "+00:00";


/*!40101 SET @OLD_CHARACTER_SET_CLIENT=@@CHARACTER_SET_CLIENT */;
/*!40101 SET @OLD_CHARACTER_SET_RESULTS=@@CHARACTER_SET_RESULTS */;
/*!40101 SET @OLD_COLLATION_CONNECTION=@@COLLATION_CONNECTION */;
/*!40101 SET NAMES utf8mb4 */;

--
-- Database: `pacificpoke`
--
CREATE DATABASE IF NOT EXISTS `pacificpoke` DEFAULT CHARACTER SET utf8 COLLATE utf8_general_ci;
USE `pacificpoke`;

-- --------------------------------------------------------

--
-- Table structure for table `Buildings`
--

CREATE TABLE `Buildings` (
  `BuildingName` varchar(50) NOT NULL DEFAULT '',
  `LocationName` varchar(50) NOT NULL
) ENGINE=InnoDB DEFAULT CHARSET=utf8;

--
-- Dumping data for table `Buildings`
--

INSERT INTO `Buildings` (`BuildingName`, `LocationName`) VALUES
('Celadon City Department Store', 'Celadon City'),
('Celadon City Gym', 'Celadon City'),
('Cerulean City Gym', 'Cerulean City'),
('Cerulean City Pokemart', 'Cerulean City'),
('Cinnabar Island Gym', 'Cinnabar Island'),
('Cinnabar Island Pokemart', 'Cinnabar Island'),
('Fuchsia City Gym', 'Fuchsia City'),
('Fuchsia City Pokemart', 'Fuchsia City'),
('Indigo Plateau Pokemart', 'Indigo Plateau'),
('Lavender Town Pokemart', 'Lavender Town'),
('Pewter City Gym', 'Pewter City'),
('Pewter City Pokemart', 'Pewter City'),
('Fake Building', 'Route 1'),
('Saffron City Gym', 'Saffron City'),
('Saffron City Pokemart', 'Saffron City'),
('Vermilion City Gym', 'Vermilion City'),
('Vermilion City Pokemart', 'Vermilion City'),
('Viridian City Gym', 'Viridian City'),
('Viridian City Lamb Store', 'Viridian City'),
('Viridian City Pokemart', 'Viridian City'),
('Viridian City Wu Store', 'Viridian City');

-- --------------------------------------------------------

--
-- Table structure for table `Encounters`
--

CREATE TABLE `Encounters` (
  `PokemonID` int(11) NOT NULL DEFAULT '0',
  `LocationName` varchar(50) NOT NULL DEFAULT '',
  `EncounterRate` varchar(10) NOT NULL
) ENGINE=InnoDB DEFAULT CHARSET=utf8;

--
-- Dumping data for table `Encounters`
--

INSERT INTO `Encounters` (`PokemonID`, `LocationName`, `EncounterRate`) VALUES
(1, 'Cerulean City', 'Limited'),
(1, 'Pallet Town', 'Limited'),
(4, 'Pallet Town', 'Limited'),
(4, 'Route 24', 'Common'),
(7, 'Pallet Town', 'Limited'),
(7, 'Vermilion City', 'Limited'),
(10, 'Route 2', 'Uncommon'),
(10, 'Route 24', 'Common'),
(10, 'Route 25', 'Common'),
(10, 'Viridian Forest', 'Common'),
(11, 'Route 24', 'Uncommon'),
(11, 'Route 25', 'Uncommon'),
(11, 'Viridian Forest', 'Common'),
(13, 'Route 2', 'Uncommon'),
(13, 'Route 24', 'Common'),
(13, 'Route 25', 'Common'),
(13, 'Viridian Forest', 'Common'),
(14, 'Route 24', 'Uncommon'),
(14, 'Route 25', 'Uncommon'),
(14, 'Viridian Forest', 'Common'),
(16, 'Route 1', 'Common'),
(16, 'Route 11', 'Common'),
(16, 'Route 12', 'Common'),
(16, 'Route 13', 'Common'),
(16, 'Route 14', 'Uncommon'),
(16, 'Route 15', 'Uncommon'),
(16, 'Route 2', 'Common'),
(16, 'Route 21', 'Common'),
(16, 'Route 24', 'Common'),
(16, 'Route 25', 'Common'),
(16, 'Route 3', 'Common'),
(16, 'Route 5', 'Common'),
(16, 'Route 6', 'Common'),
(16, 'Route 7', 'Common'),
(16, 'Route 8', 'Common'),
(16, 'Viridian Forest', 'Uncommon'),
(17, 'Route 11', 'Uncommon'),
(17, 'Route 12', 'Uncommon'),
(17, 'Route 13', 'Uncommon'),
(17, 'Route 14', 'Uncommon'),
(17, 'Route 15', 'Uncommon'),
(17, 'Route 21', 'Uncommon'),
(17, 'Route 24', 'Rare'),
(17, 'Route 25', 'Rare'),
(17, 'Route 5', 'Rare'),
(17, 'Route 6', 'Rare'),
(17, 'Route 7', 'Uncommon'),
(17, 'Route 8', 'Uncommon'),
(17, 'Viridian Forest', 'Rare'),
(19, 'Pokemon Mansion', 'Common'),
(19, 'Route 1', 'Common'),
(19, 'Route 10', 'Uncommon'),
(19, 'Route 11', 'Common'),
(19, 'Route 16', 'Common'),
(19, 'Route 18', 'Common'),
(19, 'Route 2', 'Common'),
(19, 'Route 21', 'Common'),
(19, 'Route 22', 'Common'),
(19, 'Route 3', 'Uncommon'),
(19, 'Route 4', 'Common'),
(19, 'Route 5', 'Common'),
(19, 'Route 6', 'Common'),
(19, 'Route 7', 'Uncommon'),
(19, 'Route 8', 'Uncommon'),
(19, 'Route 9', 'Common'),
(20, 'Pokemon Mansion', 'Common'),
(20, 'Route 10', 'Rare'),
(20, 'Route 11', 'Rare'),
(20, 'Route 16', 'Rare'),
(20, 'Route 17', 'Common'),
(20, 'Route 18', 'Uncommon'),
(20, 'Route 21', 'Uncommon'),
(20, 'Route 9', 'Rare'),
(21, 'Route 10', 'Common'),
(21, 'Route 11', 'Common'),
(21, 'Route 16', 'Common'),
(21, 'Route 17', 'Common'),
(21, 'Route 18', 'Common'),
(21, 'Route 22', 'Uncommon'),
(21, 'Route 23', 'Uncommon'),
(21, 'Route 3', 'Common'),
(21, 'Route 4', 'Common'),
(21, 'Route 9', 'Common'),
(22, 'Route 16', 'Rare'),
(22, 'Route 17', 'Uncommon'),
(22, 'Route 18', 'Uncommon'),
(22, 'Route 23', 'Common'),
(22, 'Route 9', 'Rare'),
(23, 'Route 10', 'Common'),
(23, 'Route 11', 'Common'),
(23, 'Route 23', 'Common'),
(23, 'Route 4', 'Common'),
(23, 'Route 8', 'Uncommon'),
(23, 'Route 9', 'Common'),
(24, 'Cerulean Cave', 'Uncommon'),
(24, 'Route 23', 'Rare'),
(25, 'Pallet Town', 'Limited'),
(25, 'Power Plant', 'Common'),
(25, 'Viridian Forest', 'Rare'),
(26, 'Cerulean Cave', 'Rare'),
(26, 'Power Plant', 'Rare'),
(27, 'Mt Moon', 'Rare'),
(27, 'Route 10', 'Common'),
(27, 'Route 11', 'Common'),
(27, 'Route 23', 'Common'),
(27, 'Route 3', 'Uncommon'),
(27, 'Route 4', 'Common'),
(27, 'Route 8', 'Uncommon'),
(27, 'Route 9', 'Common'),
(28, 'Cerulean Cave', 'Uncommon'),
(28, 'Route 23', 'Rare'),
(29, 'Route 10', 'Uncommon'),
(29, 'Route 2', 'Uncommon'),
(29, 'Route 22', 'Common'),
(29, 'Route 5', 'Limited'),
(29, 'Route 9', 'Common'),
(29, 'Safari Zone', 'Common'),
(29, 'Underground Path 5-6', 'Limited'),
(30, 'Celadon City', 'Limited'),
(30, 'Route 11', 'Limited'),
(30, 'Route 23', 'Common'),
(30, 'Route 9', 'Rare'),
(30, 'Safari Zone', 'Uncommon'),
(32, 'Route 10', 'Uncommon'),
(32, 'Route 2', 'Uncommon'),
(32, 'Route 22', 'Common'),
(32, 'Route 9', 'Common'),
(32, 'Safari Zone', 'Common'),
(33, 'Celadon City', 'Limited'),
(33, 'Route 23', 'Common'),
(33, 'Route 9', 'Rare'),
(33, 'Safari Zone', 'Uncommon'),
(35, 'Celadon City', 'Limited'),
(35, 'Mt Moon', 'Rare'),
(37, 'Celadon City', 'Limited'),
(37, 'Pokemon Mansion', 'Uncommon'),
(37, 'Route 7', 'Uncommon'),
(37, 'Route 8', 'Uncommon'),
(39, 'Route 3', 'Uncommon'),
(39, 'Route 5', 'Uncommon'),
(39, 'Route 6', 'Uncommon'),
(39, 'Route 7', 'Uncommon'),
(39, 'Route 8', 'Uncommon'),
(40, 'Celadon City', 'Limited'),
(40, 'Cerulean Cave', 'Rare'),
(41, 'Mt Moon', 'Common'),
(41, 'Rock Tunnel', 'Common'),
(41, 'Seafoam Islands', 'Common'),
(41, 'Victory Road', 'Uncommon'),
(42, 'Cerulean Cave', 'Common'),
(42, 'Seafoam Islands', 'Rare'),
(42, 'Victory Road', 'Rare'),
(43, 'Route 12', 'Common'),
(43, 'Route 13', 'Common'),
(43, 'Route 14', 'Common'),
(43, 'Route 15', 'Common'),
(43, 'Route 24', 'Common'),
(43, 'Route 25', 'Common'),
(43, 'Route 5', 'Common'),
(43, 'Route 6', 'Common'),
(43, 'Route 7', 'Common'),
(44, 'Cerulean Cave', 'Uncommon'),
(44, 'Route 12', 'Rare'),
(44, 'Route 13', 'Rare'),
(44, 'Route 14', 'Rare'),
(44, 'Route 15', 'Rare'),
(46, 'Mt Moon', 'Uncommon'),
(46, 'Safari Zone', 'Rare'),
(47, 'Cerulean Cave', 'Rare'),
(47, 'Route 18', 'Limited'),
(47, 'Safari Zone', 'Uncommon'),
(48, 'Route 12', 'Uncommon'),
(48, 'Route 13', 'Uncommon'),
(48, 'Route 14', 'Common'),
(48, 'Route 15', 'Uncommon'),
(48, 'Route 24', 'Uncommon'),
(48, 'Route 25', 'Uncommon'),
(48, 'Safari Zone', 'Uncommon'),
(49, 'Cerulean Cave', 'Uncommon'),
(49, 'Route 14', 'Rare'),
(49, 'Route 15', 'Rare'),
(49, 'Safari Zone', 'Rare'),
(49, 'Victory Road', 'Uncommon'),
(50, 'Digletts Cave', 'Common'),
(51, 'Digletts Cave', 'Rare'),
(51, 'Route 11', 'Limited'),
(52, 'Route 5', 'Common'),
(52, 'Route 6', 'Common'),
(52, 'Route 7', 'Common'),
(52, 'Route 8', 'Common'),
(54, 'Route 24', 'Common'),
(54, 'Route 25', 'Common'),
(54, 'Route 6', 'Common'),
(54, 'Safari Zone', 'Common'),
(54, 'Seafoam Islands', 'Uncommon'),
(55, 'Route 6', 'Rare'),
(55, 'Seafoam Islands', 'Rare'),
(56, 'Route 22', 'Uncommon'),
(56, 'Route 23', 'Uncommon'),
(56, 'Route 3', 'Uncommon'),
(56, 'Route 4', 'Uncommon'),
(56, 'Route 5', 'Common'),
(56, 'Route 6', 'Common'),
(56, 'Route 7', 'Common'),
(56, 'Route 8', 'Common'),
(57, 'Route 23', 'Rare'),
(58, 'Pokemon Mansion', 'Uncommon'),
(58, 'Route 7', 'Uncommon'),
(58, 'Route 8', 'Uncommon'),
(60, 'Celadon City', 'Common'),
(60, 'Cerulean Cave', 'Common'),
(60, 'Fuchsia City', 'Common'),
(60, 'Pallet Town', 'Common'),
(60, 'Route 10', 'Common'),
(60, 'Route 11', 'Common'),
(60, 'Route 12', 'Common'),
(60, 'Route 13', 'Common'),
(60, 'Route 17', 'Common'),
(60, 'Route 18', 'Common'),
(60, 'Route 19', 'Common'),
(60, 'Route 20', 'Common'),
(60, 'Route 21', 'Common'),
(60, 'Route 22', 'Common'),
(60, 'Route 23', 'Common'),
(60, 'Route 24', 'Common'),
(60, 'Route 25', 'Common'),
(60, 'Route 6', 'Common'),
(60, 'Safari Zone', 'Common'),
(60, 'Seafoam Islands', 'Common'),
(60, 'Vermilion City', 'Common'),
(60, 'Viridian City', 'Common'),
(61, 'Celadon City', 'Common'),
(61, 'Route 10', 'Common'),
(61, 'Route 22', 'Uncommon'),
(61, 'Route 23', 'Common'),
(63, 'Celadon City', 'Limited'),
(63, 'Route 24', 'Uncommon'),
(63, 'Route 25', 'Uncommon'),
(63, 'Route 5', 'Uncommon'),
(63, 'Route 6', 'Uncommon'),
(63, 'Route 7', 'Common'),
(63, 'Route 8', 'Uncommon'),
(64, 'Cerulean Cave', 'Rare'),
(64, 'Route 8', 'Rare'),
(66, 'Rock Tunnel', 'Uncommon'),
(66, 'Route 10', 'Rare'),
(66, 'Victory Road', 'Common'),
(67, 'Route 5', 'Limited'),
(67, 'Underground Path 5-6', 'Limited'),
(67, 'Victory Road', 'Rare'),
(69, 'Route 12', 'Common'),
(69, 'Route 13', 'Common'),
(69, 'Route 14', 'Common'),
(69, 'Route 15', 'Common'),
(69, 'Route 24', 'Common'),
(69, 'Route 25', 'Common'),
(69, 'Route 5', 'Common'),
(69, 'Route 6', 'Common'),
(69, 'Route 7', 'Common'),
(70, 'Cerulean Cave', 'Uncommon'),
(70, 'Route 12', 'Rare'),
(70, 'Route 13', 'Rare'),
(70, 'Route 14', 'Rare'),
(70, 'Route 15', 'Rare'),
(72, 'Pallet Town', 'Common'),
(72, 'Route 11', 'Common'),
(72, 'Route 12', 'Common'),
(72, 'Route 13', 'Common'),
(72, 'Route 17', 'Common'),
(72, 'Route 18', 'Common'),
(72, 'Route 19', 'Common'),
(72, 'Route 20', 'Common'),
(72, 'Route 21', 'Common'),
(72, 'Seafoam Islands', 'Common'),
(72, 'Vermilion City', 'Common'),
(72, 'Viridian City', 'Common'),
(73, 'Route 19', 'Uncommon'),
(73, 'Route 20', 'Common'),
(73, 'Route 21', 'Uncommon'),
(74, 'Mt Moon', 'Common'),
(74, 'Rock Tunnel', 'Common'),
(74, 'Victory Road', 'Common'),
(75, 'Cerulean Cave', 'Uncommon'),
(75, 'Victory Road', 'Rare'),
(77, 'Pokemon Mansion', 'Common'),
(77, 'Route 17', 'Uncommon'),
(79, 'Celadon City', 'Common'),
(79, 'Route 10', 'Common'),
(79, 'Route 12', 'Common'),
(79, 'Route 13', 'Common'),
(79, 'Safari Zone', 'Common'),
(79, 'Seafoam Islands', 'Uncommon'),
(80, 'Cerulean Cave', 'Common'),
(80, 'Route 12', 'Rare'),
(80, 'Route 13', 'Rare'),
(80, 'Route 23', 'Common'),
(80, 'Seafoam Islands', 'Rare'),
(81, 'Power Plant', 'Common'),
(81, 'Route 10', 'Common'),
(82, 'Cerulean Cave', 'Uncommon'),
(82, 'Power Plant', 'Uncommon'),
(83, 'Route 12', 'Rare'),
(83, 'Route 13', 'Rare'),
(83, 'Vermilion City', 'Limited'),
(84, 'Route 16', 'Common'),
(84, 'Route 17', 'Common'),
(84, 'Route 18', 'Common'),
(84, 'Safari Zone', 'Uncommon'),
(85, 'Cerulean Cave', 'Uncommon'),
(85, 'Route 17', 'Rare'),
(86, 'Cinnabar Island', 'Limited'),
(86, 'Seafoam Islands', 'Common'),
(87, 'Cinnabar Island', 'Limited'),
(87, 'Seafoam Islands', 'Rare'),
(88, 'Pokemon Mansion', 'Common'),
(88, 'Power Plant', 'Uncommon'),
(89, 'Cinnabar Island', 'Limited'),
(89, 'Pokemon Mansion', 'Rare'),
(89, 'Power Plant', 'Rare'),
(90, 'Route 11', 'Common'),
(90, 'Route 17', 'Common'),
(90, 'Route 18', 'Common'),
(90, 'Route 19', 'Common'),
(90, 'Route 20', 'Common'),
(90, 'Route 21', 'Common'),
(90, 'Route 6', 'Common'),
(90, 'Seafoam Islands', 'Uncommon'),
(90, 'Vermilion City', 'Common'),
(92, 'Pokemon Tower', 'Common'),
(93, 'Pokemon Tower', 'Rare'),
(95, 'Rock Tunnel', 'Rare'),
(95, 'Victory Road', 'Common'),
(96, 'Route 11', 'Common'),
(97, 'Cerulean Cave', 'Uncommon'),
(98, 'Fuchsia City', 'Common'),
(98, 'Route 10', 'Common'),
(98, 'Route 11', 'Common'),
(98, 'Route 12', 'Common'),
(98, 'Route 13', 'Common'),
(98, 'Route 17', 'Common'),
(98, 'Route 18', 'Common'),
(98, 'Route 24', 'Common'),
(98, 'Route 25', 'Common'),
(98, 'Route 6', 'Common'),
(98, 'Safari Zone', 'Common'),
(98, 'Seafoam Islands', 'Common'),
(98, 'Vermilion City', 'Common'),
(99, 'Cerulean Cave', 'Common'),
(99, 'Route 10', 'Uncommon'),
(99, 'Route 23', 'Common'),
(99, 'Route 25', 'Common'),
(99, 'Seafoam Islands', 'Rare'),
(100, 'Power Plant', 'Common'),
(100, 'Route 10', 'Common'),
(101, 'Cerulean Cave', 'Uncommon'),
(101, 'Cinnabar Island', 'Limited'),
(102, 'Safari Zone', 'Uncommon'),
(104, 'Pokemon Tower', 'Uncommon'),
(104, 'Safari Zone', 'Uncommon'),
(105, 'Cerulean Cave', 'Uncommon'),
(105, 'Safari Zone', 'Rare'),
(105, 'Victory Road', 'Rare'),
(106, 'Saffron City', 'Limited'),
(107, 'Saffron City', 'Limited'),
(108, 'Cerulean Cave', 'Rare'),
(108, 'Route 18', 'Limited'),
(109, 'Pokemon Mansion', 'Common'),
(110, 'Pokemon Mansion', 'Rare'),
(111, 'Cerulean Cave', 'Uncommon'),
(111, 'Safari Zone', 'Uncommon'),
(112, 'Cerulean Cave', 'Uncommon'),
(112, 'Cinnabar Island', 'Limited'),
(113, 'Cerulean Cave', 'Rare'),
(113, 'Safari Zone', 'Rare'),
(114, 'Cinnabar Island', 'Limited'),
(114, 'Route 21', 'Uncommon'),
(114, 'Safari Zone', 'Rare'),
(115, 'Safari Zone', 'Rare'),
(116, 'Route 10', 'Uncommon'),
(116, 'Route 11', 'Uncommon'),
(116, 'Route 12', 'Common'),
(116, 'Route 13', 'Common'),
(116, 'Route 19', 'Common'),
(116, 'Route 20', 'Common'),
(116, 'Route 21', 'Common'),
(116, 'Seafoam Islands', 'Uncommon'),
(116, 'Vermilion City', 'Uncommon'),
(117, 'Cerulean Cave', 'Common'),
(117, 'Route 12', 'Common'),
(117, 'Route 13', 'Uncommon'),
(117, 'Route 23', 'Common'),
(117, 'Seafoam Islands', 'Rare'),
(118, 'Celadon City', 'Common'),
(118, 'Cerulean Cave', 'Common'),
(118, 'Fuchsia City', 'Common'),
(118, 'Pallet Town', 'Common'),
(118, 'Route 10', 'Common'),
(118, 'Route 11', 'Common'),
(118, 'Route 12', 'Common'),
(118, 'Route 13', 'Common'),
(118, 'Route 17', 'Common'),
(118, 'Route 18', 'Common'),
(118, 'Route 19', 'Common'),
(118, 'Route 20', 'Common'),
(118, 'Route 21', 'Common'),
(118, 'Route 22', 'Common'),
(118, 'Route 23', 'Common'),
(118, 'Route 24', 'Common'),
(118, 'Route 25', 'Common'),
(118, 'Route 6', 'Common'),
(118, 'Safari Zone', 'Common'),
(118, 'Seafoam Islands', 'Common'),
(118, 'Vermilion City', 'Common'),
(118, 'Viridian City', 'Common'),
(119, 'Cerulean Cave', 'Common'),
(119, 'Fuchsia City', 'Common'),
(119, 'Route 23', 'Common'),
(119, 'Route 24', 'Common'),
(120, 'Pallet Town', 'Common'),
(120, 'Route 19', 'Common'),
(120, 'Route 20', 'Common'),
(120, 'Route 21', 'Common'),
(120, 'Seafoam Islands', 'Uncommon'),
(120, 'Vermilion City', 'Uncommon'),
(122, 'Route 2', 'Limited'),
(123, 'Celadon City', 'Limited'),
(123, 'Safari Zone', 'Rare'),
(124, 'Cerulean City', 'Limited'),
(125, 'Power Plant', 'Rare'),
(126, 'Pokemon Mansion', 'Rare'),
(127, 'Celadon City', 'Limited'),
(127, 'Safari Zone', 'Rare'),
(128, 'Safari Zone', 'Uncommon'),
(129, 'Celadon City', 'Common'),
(129, 'Cerulean Cave', 'Common'),
(129, 'Fuchsia City', 'Common'),
(129, 'Pallet Town', 'Common'),
(129, 'Route 10', 'Common'),
(129, 'Route 11', 'Common'),
(129, 'Route 12', 'Common'),
(129, 'Route 13', 'Common'),
(129, 'Route 17', 'Common'),
(129, 'Route 18', 'Common'),
(129, 'Route 19', 'Common'),
(129, 'Route 20', 'Common'),
(129, 'Route 21', 'Common'),
(129, 'Route 22', 'Common'),
(129, 'Route 23', 'Common'),
(129, 'Route 24', 'Common'),
(129, 'Route 25', 'Common'),
(129, 'Route 4', 'Common'),
(129, 'Route 6', 'Common'),
(129, 'Safari Zone', 'Common'),
(129, 'Seafoam Islands', 'Common'),
(129, 'Vermilion City', 'Common'),
(129, 'Viridian City', 'Common'),
(130, 'Fuchsia City', 'Uncommon'),
(131, 'Silph Co', 'Limited'),
(132, 'Cerulean Cave', 'Rare'),
(132, 'Pokemon Mansion', 'Uncommon'),
(132, 'Route 13', 'Rare'),
(132, 'Route 14', 'Uncommon'),
(132, 'Route 15', 'Uncommon'),
(132, 'Route 23', 'Common'),
(133, 'Celadon City', 'Limited'),
(137, 'Celadon City', 'Limited'),
(138, 'Cinnabar Island', 'Limited'),
(140, 'Cinnabar Island', 'Limited'),
(142, 'Cinnabar Island', 'Limited'),
(143, 'Route 12', 'Limited'),
(143, 'Route 16', 'Limited'),
(144, 'Seafoam Islands', 'Limited'),
(145, 'Power Plant', 'Limited'),
(146, 'Victory Road', 'Limited'),
(147, 'Celadon City', 'Limited'),
(147, 'Safari Zone', 'Common'),
(148, 'Safari Zone', 'Uncommon'),
(150, 'Cerulean Cave', 'Limited');

-- --------------------------------------------------------

--
-- Table structure for table `Gym`
--

CREATE TABLE `Gym` (
  `BuildingName` varchar(50) NOT NULL DEFAULT '',
  `BadgeName` varchar(50) NOT NULL,
  `LeaderName` varchar(50) NOT NULL
) ENGINE=InnoDB DEFAULT CHARSET=utf8;

--
-- Dumping data for table `Gym`
--

INSERT INTO `Gym` (`BuildingName`, `BadgeName`, `LeaderName`) VALUES
('Celadon City Gym', 'Rainbow Badge', 'Erika'),
('Cerulean City Gym', 'Cascade Badge', 'Misty'),
('Cinnabar Island Gym', 'Volcano Badge', 'Blaine'),
('Fuchsia City Gym', 'Soul Badge', 'Koga'),
('Pewter City Gym', 'Boulder Badge', 'Brock'),
('Saffron City Gym', 'Marsh Badge', 'Sabrina'),
('Vermilion City Gym', 'Thunder Badge', 'Lt. Surge'),
('Viridian City Gym', 'Earth Badge', 'Giovanni');

-- --------------------------------------------------------

--
-- Table structure for table `Items`
--

CREATE TABLE `Items` (
  `IID` int(11) NOT NULL DEFAULT '0',
  `ItemName` varchar(50) NOT NULL,
  `Effect` varchar(500) NOT NULL,
  `Cost` int(11) DEFAULT NULL
) ENGINE=InnoDB DEFAULT CHARSET=utf8;

--
-- Dumping data for table `Items`
--

INSERT INTO `Items` (`IID`, `ItemName`, `Effect`, `Cost`) VALUES
(1, 'Master Ball', 'Captures any Pokemon (only one exists)', NULL),
(2, 'Ultra Ball', 'Capture high-level Pokemon', 1200),
(3, 'Great Ball', 'Capture medium level Pokemon', 600),
(4, 'Poke Ball', 'Capture low-level Pokemon', 200),
(5, 'Town Map', 'Map of the island. Shows your location', NULL),
(6, 'Bicycle', 'Travel at double speed', 0),
(8, 'Safari Ball', 'Capture Pokemon in Safari Zone', NULL),
(10, 'Moon Stone', 'Used to evolve Nidorino, Nidorina, Clefairy and Jigglypuff', NULL),
(11, 'Antidote', 'Cure Poison status', 100),
(12, 'Burn Heal', 'Cure Burn status', 250),
(13, 'Ice Heal', 'Cures Frozen status', 250),
(14, 'Awakening', 'Cure Sleep status', 200),
(15, 'Paralyze Heal', 'Cure Paralyze status', 200),
(16, 'Full Restore', 'Cures all status changes and restores all HP', 3000),
(17, 'Max Potion', 'Recover all HP', 2500),
(18, 'Hyper Potion', 'Recover 200 HP', 1500),
(19, 'Super Potion', 'Recovers 70 HP', 700),
(20, 'Potion', 'Recover 20 HP', 300),
(29, 'Escape Rope', 'Teleport to last visited Pokemon Center', 550),
(30, 'Repel', 'Protect from weak wild Pokemon ambush for 100 steps', 350),
(31, 'Old Amber', 'Used for cloning Aerodactyl in Cinnabar Island lab', NULL),
(32, 'Fire Stone', 'Use to evolve Growlithe, Vulpix and Eevee', 2100),
(33, 'Thunder Stone', 'Used to evolve Pikachu and Eevee', 2100),
(34, 'Water Stone', 'Used to evolve Poliwhirl, Shellder, Staryu and Eeve', 2100),
(35, 'HP Up', 'Boosts HP Max', 9800),
(36, 'Protein', 'Boosts Attack stat', 9800),
(37, 'Iron', 'Boosts Defense stat', 9800),
(38, 'Carbos', 'Boost Speed stat', 9800),
(39, 'Calcium', 'Boost Special stat', 9800),
(40, 'Rare Candy', 'Instant level gain', NULL),
(41, 'Dome Fossil', 'Used for cloning Kabuto in Cinnabar Island Lab', NULL),
(42, 'Helix Fossil', 'Used for cloning Omanyte in Cinnabar Island Lab', NULL),
(43, 'Secret Key', 'Unlocks Cinnabar Island Gym', NULL),
(45, 'Bike Voucher', 'Redeem at Cerulean Bike Shop for free bike', NULL),
(46, 'X Accuracy', 'Temporarily raise Accuracy in battle', 950),
(47, 'Leaf Stone', 'Used to evolve Gloom, Weepinbell and Exeggcute', 2100),
(48, 'Card Key', 'Unlock Silph Co. doors', NULL),
(49, 'Nugget', 'Sell for money', NULL),
(51, 'Poke Doll', 'Escape from battle. Exchange for TM 31 in Saffron City', 1000),
(52, 'Full Heal', 'Cures all status changes', 600),
(53, 'Revive', 'Recovers fainted Pokemon to 1/2 health', 1500),
(54, 'Max Revive', 'Recovers fainted Pokemon to full health', NULL),
(55, 'Guard Spec.', 'Protects temporarily from Special attack', 700),
(56, 'Super Repel', 'Protect from  wild Pokemon ambush for 200 steps', 500),
(57, 'Max Repel', 'Protect from wild Pokemon ambush for 250 steps', 700),
(58, 'Dire Hit', 'Temporarily raises likelihood of Critical Hit in battle', 650),
(59, 'Coin', 'Used to lay slots', NULL),
(60, 'Fresh Water', 'Restores 50 HP', 200),
(61, 'Soda Pop', 'Recovers 60 HP', 300),
(62, 'Lemonade', 'Recovers 80 HP', 350),
(63, 'S.S. Ticket', 'Entrance ticket to S.S. Anne (Vermilion)', NULL),
(64, 'Gold Teeth', 'Give to Safari Zone Warden for HM 04', NULL),
(65, 'X Attack', 'Temporarily raise Attack in battle', 500),
(66, 'X Defend', 'Temporarily raise Defense in battle', 550),
(67, 'X Speed', 'Temporarily raise Speed in battle', 350),
(68, 'X Special', 'Temporarily raise Special in battle', 350),
(69, 'Coin Case', 'Holds up to 9,999 Casino coins', NULL),
(70, 'Oak\'s Parcel', 'Give to Professor Oak in exchange for Pokedex', NULL),
(71, 'Item Finder', 'Reveals hidden items', NULL),
(72, 'Silph Scope', 'Makes ghosts visible (Pokemon Tower)', NULL),
(73, 'Poke Flute', 'Cures Sleep status and wakes up Snorlax', NULL),
(74, 'Lift Key', 'Used to unlock elevators in Rocket Hideout (Celadon)', NULL),
(75, 'EXP. All', 'Automaticall divides up EXP gained in battle  to whole party', NULL),
(76, 'Old Rod', 'Fish for low-level Pokemon', NULL),
(77, 'Good Rod', 'Fish for medium level Pokemon', NULL),
(78, 'Super Rod', 'Fish for low-level to high-level Pokemon', NULL),
(79, 'PP Up', 'Boosts maximum PP', NULL),
(80, 'Ether', 'Restore 10 PP (one technique)', NULL),
(81, 'Max Ether', 'Restores PP to one technique', NULL),
(82, 'Elixir', 'Restores 10 PP (all techniques)', NULL),
(83, 'Max Elixir', 'Restores PP to all techniques', NULL),
(604, 'Essential Item', 'Every Pokemart have one', 300);

-- --------------------------------------------------------

--
-- Table structure for table `Locations`
--

CREATE TABLE `Locations` (
  `LocationName` varchar(50) NOT NULL DEFAULT ''
) ENGINE=InnoDB DEFAULT CHARSET=utf8;

--
-- Dumping data for table `Locations`
--

INSERT INTO `Locations` (`LocationName`) VALUES
('Celadon City'),
('Cerulean Cave'),
('Cerulean City'),
('Cinnabar Island'),
('Digletts Cave'),
('Fuchsia City'),
('Indigo Plateau'),
('Lavender Town'),
('Mt Moon'),
('Pallet Town'),
('Pewter City'),
('Pokemon Mansion'),
('Pokemon Tower'),
('Power Plant'),
('Rock Tunnel'),
('Route 1'),
('Route 10'),
('Route 11'),
('Route 12'),
('Route 13'),
('Route 14'),
('Route 15'),
('Route 16'),
('Route 17'),
('Route 18'),
('Route 19'),
('Route 2'),
('Route 20'),
('Route 21'),
('Route 22'),
('Route 23'),
('Route 24'),
('Route 25'),
('Route 3'),
('Route 4'),
('Route 5'),
('Route 6'),
('Route 7'),
('Route 8'),
('Route 9'),
('Safari Zone'),
('Saffron City'),
('Seafoam Islands'),
('Silph Co'),
('Underground Path 5-6'),
('Vermilion City'),
('Victory Road'),
('Viridian City'),
('Viridian Forest');

-- --------------------------------------------------------

--
-- Table structure for table `Moves`
--

CREATE TABLE `Moves` (
  `MoveName` varchar(50) NOT NULL DEFAULT '',
  `Effect` varchar(500) NOT NULL,
  `Category` varchar(50) NOT NULL,
  `Power` int(11) DEFAULT NULL,
  `Accuracy` int(11) DEFAULT NULL,
  `PP` int(11) DEFAULT NULL,
  `TypeName` varchar(50) NOT NULL
) ENGINE=InnoDB DEFAULT CHARSET=utf8;

--
-- Dumping data for table `Moves`
--

INSERT INTO `Moves` (`MoveName`, `Effect`, `Category`, `Power`, `Accuracy`, `PP`, `TypeName`) VALUES
('Absorb', 'User recovers half the HP inflicted on opponent.', 'Special', 20, 100, 25, 'Grass'),
('Acid', 'May lower opponent\'s Special Defense.', 'Special', 40, 100, 30, 'Poison'),
('Acid Armor', 'Sharply raises user\'s Defense.', 'Status', NULL, NULL, 20, 'Poison'),
('Agility', 'Sharply raises user\'s Speed.', 'Status', NULL, NULL, 30, 'Psychic'),
('Amnesia', 'Sharply raises user\'s Special Defense.', 'Status', NULL, NULL, 20, 'Psychic'),
('Aurora Beam', 'May lower opponent\'s Attack.', 'Special', 65, 100, 20, 'Ice'),
('Barrage', 'Hits 2-5 times in one turn.', 'Physical', 15, 85, 20, 'Normal'),
('Barrier', 'Sharply raises user\'s Defense.', 'Status', NULL, NULL, 20, 'Psychic'),
('Bide', 'User takes damage for two turns then strikes back double.', 'Physical', NULL, NULL, 10, 'Normal'),
('Bind', 'Traps opponent, damaging them for 4-5 turns.', 'Physical', 15, 85, 20, 'Normal'),
('Bite', 'May cause flinching.', 'Physical', 60, 100, 25, 'Dark'),
('Blizzard', 'May freeze opponent.', 'Special', 110, 70, 5, 'Ice'),
('Body Slam', 'May paralyze opponent.', 'Physical', 85, 100, 15, 'Normal'),
('Bone Club', 'May cause flinching.', 'Physical', 65, 85, 20, 'Ground'),
('Bonemerang', 'Hits twice in one turn.', 'Physical', 50, 90, 10, 'Ground'),
('Bubble', 'May lower opponent\'s Speed.', 'Special', 40, 100, 30, 'Water'),
('Bubble Beam', 'May lower opponent\'s Speed.', 'Special', 65, 100, 20, 'Water'),
('Clamp', 'Traps opponent, damaging them for 4-5 turns.', 'Physical', 35, 85, 10, 'Water'),
('Comet Punch', 'Hits 2-5 times in one turn.', 'Physical', 18, 85, 15, 'Normal'),
('Confuse Ray', 'Confuses opponent.', 'Status', NULL, 100, 10, 'Ghost'),
('Confusion', 'May confuse opponent.', 'Special', 50, 100, 25, 'Psychic'),
('Constrict', 'May lower opponent\'s Speed by one stage.', 'Physical', 10, 100, 35, 'Normal'),
('Conversion', 'Changes user\'s type to that of its first move.', 'Status', NULL, NULL, 30, 'Normal'),
('Counter', 'When hit by a Physical Attack, user strikes back with 2x power.', 'Physical', NULL, 100, 20, 'Fighting'),
('Crabhammer', 'High critical hit ratio.', 'Physical', 100, 90, 10, 'Water'),
('Cut', '', 'Physical', 50, 95, 30, 'Normal'),
('Defense Curl', 'Raises user\'s Defense.', 'Status', NULL, NULL, 40, 'Normal'),
('Dig', 'Digs underground on first turn, attacks on second. Can also escape from caves.', 'Physical', 80, 100, 10, 'Ground'),
('Disable', 'Opponent can\'t use its last attack for a few turns.', 'Status', NULL, 100, 20, 'Normal'),
('Dizzy Punch', 'May confuse opponent.', 'Physical', 70, 100, 10, 'Normal'),
('Double Kick', 'Hits twice in one turn.', 'Physical', 30, 100, 30, 'Fighting'),
('Double Slap', 'Hits 2-5 times in one turn.', 'Physical', 15, 85, 10, 'Normal'),
('Double Team', 'Raises user\'s Evasiveness.', 'Status', NULL, NULL, 15, 'Normal'),
('Double-Edge', 'User receives recoil damage.', 'Physical', 120, 100, 15, 'Normal'),
('Dragon Rage', 'Always inflicts 40 HP.', 'Special', NULL, 100, 10, 'Dragon'),
('Dream Eater', 'User recovers half the HP inflicted on a sleeping opponent.', 'Special', 100, 100, 15, 'Psychic'),
('Drill Peck', '', 'Physical', 80, 100, 20, 'Flying'),
('Earthquake', 'Power is doubled if opponent is underground from using Dig.', 'Physical', 100, 100, 10, 'Ground'),
('Egg Bomb', '', 'Physical', 100, 75, 10, 'Normal'),
('Ember', 'May burn opponent.', 'Special', 40, 100, 25, 'Fire'),
('Explosion', 'User faints.', 'Physical', 250, 100, 5, 'Normal'),
('Fire Blast', 'May burn opponent.', 'Special', 110, 85, 5, 'Fire'),
('Fire Punch', 'May burn opponent.', 'Physical', 75, 100, 15, 'Fire'),
('Fire Spin', 'Traps opponent, damaging them for 4-5 turns.', 'Special', 35, 85, 15, 'Fire'),
('Fissure', 'One-Hit-KO, if it hits.', 'Physical', NULL, NULL, 5, 'Ground'),
('Flamethrower', 'May burn opponent.', 'Special', 90, 100, 15, 'Fire'),
('Flash', 'Lowers opponent\'s Accuracy.', 'Status', NULL, 100, 20, 'Normal'),
('Fly', 'Flies up on first turn, attacks on second turn.', 'Physical', 90, 95, 15, 'Flying'),
('Focus Energy', 'Increases critical hit ratio.', 'Status', NULL, NULL, 30, 'Normal'),
('Fury Attack', 'Hits 2-5 times in one turn.', 'Physical', 15, 85, 20, 'Normal'),
('Fury Swipes', 'Hits 2-5 times in one turn.', 'Physical', 18, 80, 15, 'Normal'),
('Glare', 'Paralyzes opponent.', 'Status', NULL, 100, 30, 'Normal'),
('Growl', 'Lowers opponent\'s Attack.', 'Status', NULL, 100, 40, 'Normal'),
('Growth', 'Raises user\'s Attack and Special Attack.', 'Status', NULL, NULL, 40, 'Normal'),
('Guillotine', 'One-Hit-KO, if it hits.', 'Physical', NULL, NULL, 5, 'Normal'),
('Gust', 'Hits Pokémon using Fly/Bounce with double power.', 'Special', 40, 100, 35, 'Flying'),
('Harden', 'Raises user\'s Defense.', 'Status', NULL, NULL, 30, 'Normal'),
('Haze', 'Resets all stat changes.', 'Status', NULL, NULL, 30, 'Ice'),
('Headbutt', 'May cause flinching.', 'Physical', 70, 100, 15, 'Normal'),
('High Jump Kick', 'If it misses, the user loses half their HP.', 'Physical', 130, 90, 10, 'Fighting'),
('Horn Attack', '', 'Physical', 65, 100, 25, 'Normal'),
('Horn Drill', 'One-Hit-KO, if it hits.', 'Physical', NULL, NULL, 5, 'Normal'),
('Hydro Pump', '', 'Special', 110, 80, 5, 'Water'),
('Hyper Beam', 'User must recharge next turn.', 'Special', 150, 90, 5, 'Normal'),
('Hyper Fang', 'May cause flinching.', 'Physical', 80, 90, 15, 'Normal'),
('Hypnosis', 'Puts opponent to sleep.', 'Status', NULL, 60, 20, 'Psychic'),
('Ice Beam', 'May freeze opponent.', 'Special', 90, 100, 10, 'Ice'),
('Ice Punch', 'May freeze opponent.', 'Physical', 75, 100, 15, 'Ice'),
('Jump Kick', 'If it misses, the user loses half their HP.', 'Physical', 100, 95, 10, 'Fighting'),
('Karate Chop', 'High critical hit ratio.', 'Physical', 50, 100, 25, 'Fighting'),
('Kinesis', 'Lowers opponent\'s Accuracy.', 'Status', NULL, 80, 15, 'Psychic'),
('Leech Life', 'User recovers half the HP inflicted on opponent.', 'Physical', 80, 100, 10, 'Bug'),
('Leech Seed', 'User steals HP from opponent each turn.', 'Status', NULL, 90, 10, 'Grass'),
('Leer', 'Lowers opponent\'s Defense.', 'Status', NULL, 100, 30, 'Normal'),
('Lick', 'May paralyze opponent.', 'Physical', 30, 100, 30, 'Ghost'),
('Light Screen', 'Halves damage from Special attacks for 5 turns.', 'Status', NULL, NULL, 30, 'Psychic'),
('Lovely Kiss', 'Puts opponent to sleep.', 'Status', NULL, 75, 10, 'Normal'),
('Low Kick', 'The heavier the opponent, the stronger the attack.', 'Physical', NULL, 100, 20, 'Fighting'),
('Meditate', 'Raises user\'s Attack.', 'Status', NULL, NULL, 40, 'Psychic'),
('Mega Drain', 'User recovers half the HP inflicted on opponent.', 'Special', 40, 100, 15, 'Grass'),
('Mega Kick', '', 'Physical', 120, 75, 5, 'Normal'),
('Mega Punch', '', 'Physical', 80, 85, 20, 'Normal'),
('Metronome', 'User performs almost any move in the game at random.', 'Status', NULL, NULL, 10, 'Normal'),
('Mimic', 'Copies the opponent\'s last move.', 'Status', NULL, NULL, 10, 'Normal'),
('Minimize', 'Sharply raises user\'s Evasiveness.', 'Status', NULL, NULL, 10, 'Normal'),
('Mirror Move', 'User performs the opponent\'s last move.', 'Status', NULL, NULL, 20, 'Flying'),
('Mist', 'User\'s stats cannot be changed for a period of time.', 'Status', NULL, NULL, 30, 'Ice'),
('Night Shade', 'Inflicts damage equal to user\'s level.', 'Special', NULL, 100, 15, 'Ghost'),
('Pay Day', 'A small amount of money is gained after the battle resolves.', 'Physical', 40, 100, 20, 'Normal'),
('Peck', '', 'Physical', 35, 100, 35, 'Flying'),
('Petal Dance', 'User attacks for 2-3 turns but then becomes confused.', 'Special', 120, 100, 10, 'Grass'),
('Pin Missile', 'Hits 2-5 times in one turn.', 'Physical', 25, 95, 20, 'Bug'),
('Poison Gas', 'Poisons opponent.', 'Status', NULL, 90, 40, 'Poison'),
('Poison Powder', 'Poisons opponent.', 'Status', NULL, 75, 35, 'Poison'),
('Poison Sting', 'May poison the opponent.', 'Physical', 15, 100, 35, 'Poison'),
('Pound', '', 'Physical', 40, 100, 35, 'Normal'),
('Psybeam', 'May confuse opponent.', 'Special', 65, 100, 20, 'Psychic'),
('Psychic', 'May lower opponent\'s Special Defense.', 'Special', 90, 100, 10, 'Psychic'),
('Psywave', 'Inflicts damage 50-150% of user\'s level.', 'Special', NULL, 80, 15, 'Psychic'),
('Quick Attack', 'User attacks first.', 'Physical', 40, 100, 30, 'Normal'),
('Rage', 'Raises user\'s Attack when hit.', 'Physical', 20, 100, 20, 'Normal'),
('Razor Leaf', 'High critical hit ratio.', 'Physical', 55, 95, 25, 'Grass'),
('Razor Wind', 'Charges on first turn, attacks on second. High critical hit ratio.', 'Special', 80, 100, 10, 'Normal'),
('Recover', 'User recovers half its max HP.', 'Status', NULL, NULL, 10, 'Normal'),
('Reflect', 'Halves damage from Physical attacks for 5 turns.', 'Status', NULL, NULL, 20, 'Psychic'),
('Rest', 'User sleeps for 2 turns, but user is fully healed.', 'Status', NULL, NULL, 10, 'Psychic'),
('Roar', 'In battles, the opponent switches. In the wild, the Pokémon runs.', 'Status', NULL, NULL, 20, 'Normal'),
('Rock Slide', 'May cause flinching.', 'Physical', 75, 90, 10, 'Rock'),
('Rock Throw', '', 'Physical', 50, 90, 15, 'Rock'),
('Rolling Kick', 'May cause flinching.', 'Physical', 60, 85, 15, 'Fighting'),
('Sand Attack', 'Lowers opponent\'s Accuracy.', 'Status', NULL, 100, 15, 'Ground'),
('Scratch', '', 'Physical', 40, 100, 35, 'Normal'),
('Screech', 'Sharply lowers opponent\'s Defense.', 'Status', NULL, 85, 40, 'Normal'),
('Seismic Toss', 'Inflicts damage equal to user\'s level.', 'Physical', NULL, 100, 20, 'Fighting'),
('Self-Destruct', 'User faints.', 'Physical', 200, 100, 5, 'Normal'),
('Sharpen', 'Raises user\'s Attack.', 'Status', NULL, NULL, 30, 'Normal'),
('Sing', 'Puts opponent to sleep.', 'Status', NULL, 55, 15, 'Normal'),
('Skull Bash', 'Raises Defense on first turn, attacks on second.', 'Physical', 130, 100, 10, 'Normal'),
('Sky Attack', 'Charges on first turn, attacks on second. May cause flinching.', 'Physical', 140, 90, 5, 'Flying'),
('Slam', '', 'Physical', 80, 75, 20, 'Normal'),
('Slash', 'High critical hit ratio.', 'Physical', 70, 100, 20, 'Normal'),
('Sleep Powder', 'Puts opponent to sleep.', 'Status', NULL, 75, 15, 'Grass'),
('Sludge', 'May poison opponent.', 'Special', 65, 100, 20, 'Poison'),
('Smog', 'May poison opponent.', 'Special', 30, 70, 20, 'Poison'),
('Smokescreen', 'Lowers opponent\'s Accuracy.', 'Status', NULL, 100, 20, 'Normal'),
('Soft-Boiled', 'User recovers half its max HP.', 'Status', NULL, NULL, 10, 'Normal'),
('Solar Beam', 'Charges on first turn, attacks on second.', 'Special', 120, 100, 10, 'Grass'),
('Sonic Boom', 'Always inflicts 20 HP.', 'Special', NULL, 90, 20, 'Normal'),
('Spike Cannon', 'Hits 2-5 times in one turn.', 'Physical', 20, 100, 15, 'Normal'),
('Splash', 'Doesn\'t do ANYTHING.', 'Status', NULL, NULL, 40, 'Normal'),
('Spore', 'Puts opponent to sleep.', 'Status', NULL, 100, 15, 'Grass'),
('Stomp', 'May cause flinching.', 'Physical', 65, 100, 20, 'Normal'),
('Strength', '', 'Physical', 80, 100, 15, 'Normal'),
('String Shot', 'Sharply lowers opponent\'s Speed.', 'Status', NULL, 95, 40, 'Bug'),
('Struggle', 'Only usable when all PP are gone. Hurts the user.', 'Physical', 50, 100, NULL, 'Normal'),
('Stun Spore', 'Paralyzes opponent.', 'Status', NULL, 75, 30, 'Grass'),
('Submission', 'User receives recoil damage.', 'Physical', 80, 80, 20, 'Fighting'),
('Substitute', 'Uses HP to creates a decoy that takes hits.', 'Status', NULL, NULL, 10, 'Normal'),
('Super Fang', 'Always takes off half of the opponent\'s HP.', 'Physical', NULL, 90, 10, 'Normal'),
('Supersonic', 'Confuses opponent.', 'Status', NULL, 55, 20, 'Normal'),
('Surf', 'Hits all adjacent Pokémon.', 'Special', 90, 100, 15, 'Water'),
('Swift', 'Ignores Accuracy and Evasiveness.', 'Special', 60, 100, 20, 'Normal'),
('Swords Dance', 'Sharply raises user\'s Attack.', 'Status', NULL, NULL, 20, 'Normal'),
('Tackle', '', 'Physical', 40, 100, 35, 'Normal'),
('Tail Whip', 'Lowers opponent\'s Defense.', 'Status', NULL, 100, 30, 'Normal'),
('Take Down', 'User receives recoil damage.', 'Physical', 90, 85, 20, 'Normal'),
('Teleport', 'Allows user to flee wild battles; also warps player to last PokéCenter.', 'Status', NULL, NULL, 20, 'Psychic'),
('Thrash', 'User attacks for 2-3 turns but then becomes confused.', 'Physical', 120, 100, 10, 'Normal'),
('Thunder', 'May paralyze opponent.', 'Special', 110, 70, 10, 'Electric'),
('Thunder Punch', 'May paralyze opponent.', 'Physical', 75, 100, 15, 'Electric'),
('Thunder Shock', 'May paralyze opponent.', 'Special', 40, 100, 30, 'Electric'),
('Thunder Wave', 'Paralyzes opponent.', 'Status', NULL, 90, 20, 'Electric'),
('Thunderbolt', 'May paralyze opponent.', 'Special', 90, 100, 15, 'Electric'),
('Toxic', 'Badly poisons opponent.', 'Status', NULL, 90, 10, 'Poison'),
('Transform', 'User takes on the form and attacks of the opponent.', 'Status', NULL, NULL, 10, 'Normal'),
('Tri Attack', 'May paralyze, burn or freeze opponent.', 'Special', 80, 100, 10, 'Normal'),
('Twineedle', 'Hits twice in one turn. May poison opponent.', 'Physical', 25, 100, 20, 'Bug'),
('Vice Grip', '', 'Physical', 55, 100, 30, 'Normal'),
('Vine Whip', '', 'Physical', 45, 100, 25, 'Grass'),
('Water Gun', '', 'Special', 40, 100, 25, 'Water'),
('Waterfall', 'May cause flinching.', 'Physical', 80, 100, 15, 'Water'),
('Whirlwind', 'In battles, the opponent switches. In the wild, the Pokémon runs.', 'Status', NULL, NULL, 20, 'Normal'),
('Wing Attack', '', 'Physical', 60, 100, 35, 'Flying'),
('Withdraw', 'Raises user\'s Defense.', 'Status', NULL, NULL, 40, 'Water'),
('Wrap', 'Traps opponent, damaging them for 4-5 turns.', 'Physical', 15, 90, 20, 'Normal');

-- --------------------------------------------------------

--
-- Table structure for table `Pokemart`
--

CREATE TABLE `Pokemart` (
  `BuildingName` varchar(50) NOT NULL DEFAULT ''
) ENGINE=InnoDB DEFAULT CHARSET=utf8;

--
-- Dumping data for table `Pokemart`
--

INSERT INTO `Pokemart` (`BuildingName`) VALUES
('Celadon City Department Store'),
('Cerulean City Pokemart'),
('Cinnabar Island Pokemart'),
('Fuchsia City Pokemart'),
('Indigo Plateau Pokemart'),
('Lavender Town Pokemart'),
('Pewter City Pokemart'),
('Saffron City Pokemart'),
('Vermilion City Pokemart'),
('Viridian City Pokemart');

-- --------------------------------------------------------

--
-- Table structure for table `PokemartSellsItems`
--

CREATE TABLE `PokemartSellsItems` (
  `IID` int(11) NOT NULL DEFAULT '0',
  `BuildingName` varchar(50) NOT NULL DEFAULT ''
) ENGINE=InnoDB DEFAULT CHARSET=utf8;

--
-- Dumping data for table `PokemartSellsItems`
--

INSERT INTO `PokemartSellsItems` (`IID`, `BuildingName`) VALUES
(3, 'Celadon City Department Store'),
(11, 'Celadon City Department Store'),
(12, 'Celadon City Department Store'),
(13, 'Celadon City Department Store'),
(14, 'Celadon City Department Store'),
(15, 'Celadon City Department Store'),
(17, 'Celadon City Department Store'),
(18, 'Celadon City Department Store'),
(19, 'Celadon City Department Store'),
(20, 'Celadon City Department Store'),
(30, 'Celadon City Department Store'),
(32, 'Celadon City Department Store'),
(33, 'Celadon City Department Store'),
(34, 'Celadon City Department Store'),
(35, 'Celadon City Department Store'),
(36, 'Celadon City Department Store'),
(37, 'Celadon City Department Store'),
(38, 'Celadon City Department Store'),
(39, 'Celadon City Department Store'),
(46, 'Celadon City Department Store'),
(47, 'Celadon City Department Store'),
(51, 'Celadon City Department Store'),
(53, 'Celadon City Department Store'),
(55, 'Celadon City Department Store'),
(56, 'Celadon City Department Store'),
(58, 'Celadon City Department Store'),
(60, 'Celadon City Department Store'),
(61, 'Celadon City Department Store'),
(62, 'Celadon City Department Store'),
(65, 'Celadon City Department Store'),
(66, 'Celadon City Department Store'),
(67, 'Celadon City Department Store'),
(68, 'Celadon City Department Store'),
(604, 'Celadon City Department Store'),
(4, 'Cerulean City Pokemart'),
(11, 'Cerulean City Pokemart'),
(12, 'Cerulean City Pokemart'),
(14, 'Cerulean City Pokemart'),
(15, 'Cerulean City Pokemart'),
(20, 'Cerulean City Pokemart'),
(30, 'Cerulean City Pokemart'),
(604, 'Cerulean City Pokemart'),
(2, 'Cinnabar Island Pokemart'),
(3, 'Cinnabar Island Pokemart'),
(18, 'Cinnabar Island Pokemart'),
(29, 'Cinnabar Island Pokemart'),
(52, 'Cinnabar Island Pokemart'),
(53, 'Cinnabar Island Pokemart'),
(57, 'Cinnabar Island Pokemart'),
(604, 'Cinnabar Island Pokemart'),
(2, 'Fuchsia City Pokemart'),
(3, 'Fuchsia City Pokemart'),
(19, 'Fuchsia City Pokemart'),
(52, 'Fuchsia City Pokemart'),
(53, 'Fuchsia City Pokemart'),
(56, 'Fuchsia City Pokemart'),
(604, 'Fuchsia City Pokemart'),
(2, 'Indigo Plateau Pokemart'),
(3, 'Indigo Plateau Pokemart'),
(16, 'Indigo Plateau Pokemart'),
(17, 'Indigo Plateau Pokemart'),
(52, 'Indigo Plateau Pokemart'),
(53, 'Indigo Plateau Pokemart'),
(57, 'Indigo Plateau Pokemart'),
(604, 'Indigo Plateau Pokemart'),
(3, 'Lavender Town Pokemart'),
(11, 'Lavender Town Pokemart'),
(12, 'Lavender Town Pokemart'),
(13, 'Lavender Town Pokemart'),
(15, 'Lavender Town Pokemart'),
(19, 'Lavender Town Pokemart'),
(29, 'Lavender Town Pokemart'),
(53, 'Lavender Town Pokemart'),
(56, 'Lavender Town Pokemart'),
(604, 'Lavender Town Pokemart'),
(4, 'Pewter City Pokemart'),
(11, 'Pewter City Pokemart'),
(12, 'Pewter City Pokemart'),
(14, 'Pewter City Pokemart'),
(15, 'Pewter City Pokemart'),
(20, 'Pewter City Pokemart'),
(29, 'Pewter City Pokemart'),
(604, 'Pewter City Pokemart'),
(3, 'Saffron City Pokemart'),
(18, 'Saffron City Pokemart'),
(29, 'Saffron City Pokemart'),
(52, 'Saffron City Pokemart'),
(53, 'Saffron City Pokemart'),
(57, 'Saffron City Pokemart'),
(604, 'Saffron City Pokemart'),
(4, 'Vermilion City Pokemart'),
(13, 'Vermilion City Pokemart'),
(14, 'Vermilion City Pokemart'),
(15, 'Vermilion City Pokemart'),
(19, 'Vermilion City Pokemart'),
(30, 'Vermilion City Pokemart'),
(604, 'Vermilion City Pokemart'),
(4, 'Viridian City Pokemart'),
(11, 'Viridian City Pokemart'),
(12, 'Viridian City Pokemart'),
(15, 'Viridian City Pokemart'),
(604, 'Viridian City Pokemart');

-- --------------------------------------------------------

--
-- Table structure for table `Pokemon`
--

CREATE TABLE `Pokemon` (
  `PID` int(11) NOT NULL DEFAULT '0',
  `PokemonName` varchar(50) NOT NULL,
  `Speed` int(11) NOT NULL,
  `Sdef` int(11) NOT NULL,
  `Satk` int(11) NOT NULL,
  `Def` int(11) NOT NULL,
  `Atk` int(11) NOT NULL,
  `HP` int(11) NOT NULL
) ENGINE=InnoDB DEFAULT CHARSET=utf8;

--
-- Dumping data for table `Pokemon`
--

INSERT INTO `Pokemon` (`PID`, `PokemonName`, `Speed`, `Sdef`, `Satk`, `Def`, `Atk`, `HP`) VALUES
(1, 'Bulbasaur', 45, 65, 65, 49, 49, 45),
(2, 'Ivysaur', 60, 80, 80, 63, 62, 60),
(3, 'Venusaur', 80, 100, 100, 83, 82, 80),
(4, 'Charmander', 65, 50, 60, 43, 52, 39),
(5, 'Charmeleon', 80, 65, 80, 58, 64, 58),
(6, 'Charizard', 100, 85, 109, 78, 84, 78),
(7, 'Squirtle', 43, 64, 50, 65, 48, 44),
(8, 'Wartortle', 58, 80, 65, 80, 63, 59),
(9, 'Blastoise', 78, 105, 85, 100, 83, 79),
(10, 'Caterpie', 45, 20, 20, 35, 30, 45),
(11, 'Metapod', 30, 25, 25, 55, 20, 50),
(12, 'Butterfree', 70, 80, 90, 50, 45, 60),
(13, 'Weedle', 50, 20, 20, 30, 35, 40),
(14, 'Kakuna', 35, 25, 25, 50, 25, 45),
(15, 'Beedrill', 75, 80, 45, 40, 90, 65),
(16, 'Pidgey', 56, 35, 35, 40, 45, 40),
(17, 'Pidgeotto', 71, 50, 50, 55, 60, 63),
(18, 'Pidgeot', 101, 70, 70, 75, 80, 83),
(19, 'Rattata', 72, 35, 25, 35, 56, 30),
(20, 'Raticate', 97, 70, 50, 60, 81, 55),
(21, 'Spearow', 70, 31, 31, 30, 60, 40),
(22, 'Fearow', 100, 61, 61, 65, 90, 65),
(23, 'Ekans', 55, 54, 40, 44, 60, 35),
(24, 'Arbok', 80, 79, 65, 69, 95, 60),
(25, 'Pikachu', 90, 50, 50, 40, 55, 35),
(26, 'Raichu', 110, 80, 90, 55, 90, 60),
(27, 'Sandshrew', 40, 30, 20, 85, 75, 50),
(28, 'Sandslash', 65, 55, 45, 110, 100, 75),
(29, 'Nidoran-f', 41, 40, 40, 52, 47, 55),
(30, 'Nidorina', 56, 55, 55, 67, 62, 70),
(31, 'Nidoqueen', 76, 85, 75, 87, 92, 90),
(32, 'Nidoran-m', 50, 40, 40, 40, 57, 46),
(33, 'Nidorino', 65, 55, 55, 57, 72, 61),
(34, 'Nidoking', 85, 75, 85, 77, 102, 81),
(35, 'Clefairy', 35, 65, 60, 48, 45, 70),
(36, 'Clefable', 60, 90, 95, 73, 70, 95),
(37, 'Vulpix', 65, 65, 50, 40, 41, 38),
(38, 'Ninetales', 100, 100, 81, 75, 76, 73),
(39, 'Jigglypuff', 20, 25, 45, 20, 45, 115),
(40, 'Wigglytuff', 45, 50, 85, 45, 70, 140),
(41, 'Zubat', 55, 40, 30, 35, 45, 40),
(42, 'Golbat', 90, 75, 65, 70, 80, 75),
(43, 'Oddish', 30, 65, 75, 55, 50, 45),
(44, 'Gloom', 40, 75, 85, 70, 65, 60),
(45, 'Vileplume', 50, 90, 110, 85, 80, 75),
(46, 'Paras', 25, 55, 45, 55, 70, 35),
(47, 'Parasect', 30, 80, 60, 80, 95, 60),
(48, 'Venonat', 45, 55, 40, 50, 55, 60),
(49, 'Venomoth', 90, 75, 90, 60, 65, 70),
(50, 'Diglett', 95, 45, 35, 25, 55, 10),
(51, 'Dugtrio', 120, 70, 50, 50, 100, 35),
(52, 'Meowth', 90, 40, 40, 35, 45, 40),
(53, 'Persian', 115, 65, 65, 60, 70, 65),
(54, 'Psyduck', 55, 50, 65, 48, 52, 50),
(55, 'Golduck', 85, 80, 95, 78, 82, 80),
(56, 'Mankey', 70, 45, 35, 35, 80, 40),
(57, 'Primeape', 95, 70, 60, 60, 105, 65),
(58, 'Growlithe', 60, 50, 70, 45, 70, 55),
(59, 'Arcanine', 95, 80, 100, 80, 110, 90),
(60, 'Poliwag', 90, 40, 40, 40, 50, 40),
(61, 'Poliwhirl', 90, 50, 50, 65, 65, 65),
(62, 'Poliwrath', 70, 90, 70, 95, 95, 90),
(63, 'Abra', 90, 55, 105, 15, 20, 25),
(64, 'Kadabra', 105, 70, 120, 30, 35, 40),
(65, 'Alakazam', 120, 95, 135, 45, 50, 55),
(66, 'Machop', 35, 35, 35, 50, 80, 70),
(67, 'Machoke', 45, 60, 50, 70, 100, 80),
(68, 'Machamp', 55, 85, 65, 80, 130, 90),
(69, 'Bellsprout', 40, 30, 70, 35, 75, 50),
(70, 'Weepinbell', 55, 45, 85, 50, 90, 65),
(71, 'Victreebel', 70, 70, 100, 65, 105, 80),
(72, 'Tentacool', 70, 100, 50, 35, 40, 40),
(73, 'Tentacruel', 100, 120, 80, 65, 70, 80),
(74, 'Geodude', 20, 30, 30, 100, 80, 40),
(75, 'Graveler', 35, 45, 45, 115, 95, 55),
(76, 'Golem', 45, 65, 55, 130, 120, 80),
(77, 'Ponyta', 90, 65, 65, 55, 85, 50),
(78, 'Rapidash', 105, 80, 80, 70, 100, 65),
(79, 'Slowpoke', 15, 40, 40, 65, 65, 90),
(80, 'Slowbro', 30, 80, 100, 110, 75, 95),
(81, 'Magnemite', 45, 55, 95, 70, 35, 25),
(82, 'Magneton', 70, 70, 120, 95, 60, 50),
(83, 'Farfetch\'d', 60, 62, 58, 55, 90, 52),
(84, 'Doduo', 75, 35, 35, 45, 85, 35),
(85, 'Dodrio', 110, 60, 60, 70, 110, 60),
(86, 'Seel', 45, 70, 45, 55, 45, 65),
(87, 'Dewgong', 70, 95, 70, 80, 70, 90),
(88, 'Grimer', 25, 50, 40, 50, 80, 80),
(89, 'Muk', 50, 100, 65, 75, 105, 105),
(90, 'Shellder', 40, 25, 45, 100, 65, 30),
(91, 'Cloyster', 70, 45, 85, 180, 95, 50),
(92, 'Gastly', 80, 35, 100, 30, 35, 30),
(93, 'Haunter', 95, 55, 115, 45, 50, 45),
(94, 'Gengar', 110, 75, 130, 60, 65, 60),
(95, 'Onix', 70, 45, 30, 160, 45, 35),
(96, 'Drowzee', 42, 90, 43, 45, 48, 60),
(97, 'Hypno', 67, 115, 73, 70, 73, 85),
(98, 'Krabby', 50, 25, 25, 90, 105, 30),
(99, 'Kingler', 75, 50, 50, 115, 130, 55),
(100, 'Voltorb', 100, 55, 55, 50, 30, 40),
(101, 'Electrode', 150, 80, 80, 70, 50, 60),
(102, 'Exeggcute', 40, 45, 60, 80, 40, 60),
(103, 'Exeggutor', 55, 75, 125, 85, 95, 95),
(104, 'Cubone', 35, 50, 40, 95, 50, 50),
(105, 'Marowak', 45, 80, 50, 110, 80, 60),
(106, 'Hitmonlee', 87, 110, 35, 53, 120, 50),
(107, 'Hitmonchan', 76, 110, 35, 79, 105, 50),
(108, 'Lickitung', 30, 75, 60, 75, 55, 90),
(109, 'Koffing', 35, 45, 60, 95, 65, 40),
(110, 'Weezing', 60, 70, 85, 120, 90, 65),
(111, 'Rhyhorn', 25, 30, 30, 95, 85, 80),
(112, 'Rhydon', 40, 45, 45, 120, 130, 105),
(113, 'Chansey', 50, 105, 35, 5, 5, 250),
(114, 'Tangela', 60, 40, 100, 115, 55, 65),
(115, 'Kangaskhan', 90, 80, 40, 80, 95, 105),
(116, 'Horsea', 60, 25, 70, 70, 40, 30),
(117, 'Seadra', 85, 45, 95, 95, 65, 55),
(118, 'Goldeen', 63, 50, 35, 60, 67, 45),
(119, 'Seaking', 68, 80, 65, 65, 92, 80),
(120, 'Staryu', 85, 55, 70, 55, 45, 30),
(121, 'Starmie', 115, 85, 100, 85, 75, 60),
(122, 'Mr-Mime', 90, 120, 100, 65, 45, 40),
(123, 'Scyther', 105, 80, 55, 80, 110, 70),
(124, 'Jynx', 95, 95, 115, 35, 50, 65),
(125, 'Electabuzz', 105, 85, 95, 57, 83, 65),
(126, 'Magmar', 93, 85, 100, 57, 95, 65),
(127, 'Pinsir', 85, 70, 55, 100, 125, 65),
(128, 'Tauros', 110, 70, 40, 95, 100, 75),
(129, 'Magikarp', 80, 20, 15, 55, 10, 20),
(130, 'Gyarados', 81, 100, 60, 79, 125, 95),
(131, 'Lapras', 60, 95, 85, 80, 85, 130),
(132, 'Ditto', 48, 48, 48, 48, 48, 48),
(133, 'Eevee', 55, 65, 45, 50, 55, 55),
(134, 'Vaporeon', 65, 95, 110, 60, 65, 130),
(135, 'Jolteon', 130, 95, 110, 60, 65, 65),
(136, 'Flareon', 65, 110, 95, 60, 130, 65),
(137, 'Porygon', 40, 75, 85, 70, 60, 65),
(138, 'Omanyte', 35, 55, 90, 100, 40, 35),
(139, 'Omastar', 55, 70, 115, 125, 60, 70),
(140, 'Kabuto', 55, 45, 55, 90, 80, 30),
(141, 'Kabutops', 80, 70, 65, 105, 115, 60),
(142, 'Aerodactyl', 130, 75, 60, 65, 105, 80),
(143, 'Snorlax', 30, 110, 65, 65, 110, 160),
(144, 'Articuno', 85, 125, 95, 100, 85, 90),
(145, 'Zapdos', 100, 90, 125, 85, 90, 90),
(146, 'Moltres', 90, 85, 125, 90, 100, 90),
(147, 'Dratini', 50, 50, 50, 45, 64, 41),
(148, 'Dragonair', 70, 70, 70, 65, 84, 61),
(149, 'Dragonite', 80, 100, 100, 95, 134, 91),
(150, 'Mewtwo', 130, 90, 154, 90, 110, 106),
(151, 'Mew', 100, 100, 100, 100, 100, 100);

-- --------------------------------------------------------

--
-- Table structure for table `PokemonEvolvesTo`
--

CREATE TABLE `PokemonEvolvesTo` (
  `EvolveToPID` int(11) NOT NULL DEFAULT '0',
  `EvolveFromPID` int(11) NOT NULL,
  `AtLevel` int(11) DEFAULT NULL
) ENGINE=InnoDB DEFAULT CHARSET=utf8;

--
-- Dumping data for table `PokemonEvolvesTo`
--

INSERT INTO `PokemonEvolvesTo` (`EvolveToPID`, `EvolveFromPID`, `AtLevel`) VALUES
(2, 1, 16),
(3, 2, 32),
(5, 4, 16),
(6, 5, 36),
(8, 7, 16),
(9, 8, 36),
(11, 10, 7),
(12, 11, 10),
(14, 13, 7),
(15, 14, 10),
(17, 16, 18),
(18, 17, 36),
(20, 19, 20),
(22, 21, 20),
(24, 23, 22),
(26, 25, NULL),
(28, 27, 22),
(30, 29, 16),
(31, 30, NULL),
(33, 32, 16),
(34, 33, NULL),
(36, 35, NULL),
(38, 37, NULL),
(40, 39, NULL),
(42, 41, 22),
(44, 43, 21),
(45, 44, NULL),
(47, 46, 24),
(49, 48, 31),
(51, 50, 26),
(53, 52, 28),
(55, 54, 33),
(57, 56, 28),
(59, 58, NULL),
(61, 60, 25),
(62, 61, NULL),
(64, 63, 16),
(65, 64, NULL),
(67, 66, 28),
(68, 67, NULL),
(70, 69, 21),
(71, 70, NULL),
(73, 72, 30),
(75, 74, 25),
(76, 75, NULL),
(78, 77, 40),
(80, 79, 37),
(82, 81, 30),
(85, 84, 31),
(87, 86, 34),
(89, 88, 38),
(91, 90, NULL),
(93, 92, 25),
(94, 93, NULL),
(97, 96, 26),
(99, 98, 28),
(101, 100, 30),
(103, 102, NULL),
(105, 104, 28),
(110, 109, 35),
(112, 111, 42),
(117, 116, 32),
(119, 118, 33),
(121, 120, NULL),
(130, 129, 20),
(134, 133, NULL),
(135, 133, NULL),
(136, 133, NULL),
(139, 138, 40),
(141, 140, 40),
(148, 147, 30),
(149, 148, 55);

-- --------------------------------------------------------

--
-- Table structure for table `PokemonHasMoves`
--

CREATE TABLE `PokemonHasMoves` (
  `PID` int(11) NOT NULL DEFAULT '0',
  `MoveName` varchar(50) NOT NULL DEFAULT ''
) ENGINE=InnoDB DEFAULT CHARSET=utf8;

--
-- Dumping data for table `PokemonHasMoves`
--

INSERT INTO `PokemonHasMoves` (`PID`, `MoveName`) VALUES
(43, 'Absorb'),
(44, 'Absorb'),
(114, 'Absorb'),
(140, 'Absorb'),
(141, 'Absorb'),
(23, 'Acid'),
(24, 'Acid'),
(43, 'Acid'),
(44, 'Acid'),
(45, 'Acid'),
(69, 'Acid'),
(70, 'Acid'),
(71, 'Acid'),
(72, 'Acid'),
(73, 'Acid'),
(88, 'Acid Armor'),
(89, 'Acid Armor'),
(134, 'Acid Armor'),
(15, 'Agility'),
(16, 'Agility'),
(17, 'Agility'),
(18, 'Agility'),
(21, 'Agility'),
(22, 'Agility'),
(25, 'Agility'),
(58, 'Agility'),
(77, 'Agility'),
(78, 'Agility'),
(83, 'Agility'),
(84, 'Agility'),
(85, 'Agility'),
(107, 'Agility'),
(116, 'Agility'),
(117, 'Agility'),
(118, 'Agility'),
(119, 'Agility'),
(123, 'Agility'),
(135, 'Agility'),
(137, 'Agility'),
(142, 'Agility'),
(144, 'Agility'),
(145, 'Agility'),
(146, 'Agility'),
(147, 'Agility'),
(148, 'Agility'),
(149, 'Agility'),
(60, 'Amnesia'),
(61, 'Amnesia'),
(79, 'Amnesia'),
(80, 'Amnesia'),
(143, 'Amnesia'),
(150, 'Amnesia'),
(86, 'Aurora Beam'),
(87, 'Aurora Beam'),
(90, 'Aurora Beam'),
(91, 'Aurora Beam'),
(102, 'Barrage'),
(103, 'Barrage'),
(72, 'Barrier'),
(73, 'Barrier'),
(122, 'Barrier'),
(150, 'Barrier'),
(95, 'Bind'),
(114, 'Bind'),
(7, 'Bite'),
(8, 'Bite'),
(9, 'Bite'),
(23, 'Bite'),
(24, 'Bite'),
(29, 'Bite'),
(30, 'Bite'),
(41, 'Bite'),
(42, 'Bite'),
(52, 'Bite'),
(53, 'Bite'),
(58, 'Bite'),
(115, 'Bite'),
(130, 'Bite'),
(133, 'Bite'),
(134, 'Bite'),
(136, 'Bite'),
(142, 'Bite'),
(124, 'Blizzard'),
(144, 'Blizzard'),
(31, 'Body Slam'),
(39, 'Body Slam'),
(60, 'Body Slam'),
(61, 'Body Slam'),
(62, 'Body Slam'),
(124, 'Body Slam'),
(131, 'Body Slam'),
(143, 'Body Slam'),
(104, 'Bone Club'),
(105, 'Bone Club'),
(104, 'Bonemerang'),
(105, 'Bonemerang'),
(7, 'Bubble'),
(8, 'Bubble'),
(9, 'Bubble'),
(60, 'Bubble'),
(61, 'Bubble'),
(98, 'Bubble'),
(99, 'Bubble'),
(116, 'Bubble'),
(117, 'Bubble'),
(90, 'Clamp'),
(91, 'Clamp'),
(107, 'Comet Punch'),
(115, 'Comet Punch'),
(37, 'Confuse Ray'),
(41, 'Confuse Ray'),
(42, 'Confuse Ray'),
(92, 'Confuse Ray'),
(93, 'Confuse Ray'),
(94, 'Confuse Ray'),
(126, 'Confuse Ray'),
(131, 'Confuse Ray'),
(12, 'Confusion'),
(54, 'Confusion'),
(55, 'Confusion'),
(64, 'Confusion'),
(65, 'Confusion'),
(79, 'Confusion'),
(80, 'Confusion'),
(96, 'Confusion'),
(97, 'Confusion'),
(122, 'Confusion'),
(150, 'Confusion'),
(72, 'Constrict'),
(73, 'Constrict'),
(114, 'Constrict'),
(137, 'Conversion'),
(107, 'Counter'),
(98, 'Crabhammer'),
(99, 'Crabhammer'),
(35, 'Defense Curl'),
(39, 'Defense Curl'),
(40, 'Defense Curl'),
(74, 'Defense Curl'),
(75, 'Defense Curl'),
(76, 'Defense Curl'),
(108, 'Defense Curl'),
(113, 'Defense Curl'),
(50, 'Dig'),
(51, 'Dig'),
(39, 'Disable'),
(40, 'Disable'),
(48, 'Disable'),
(49, 'Disable'),
(54, 'Disable'),
(55, 'Disable'),
(64, 'Disable'),
(65, 'Disable'),
(79, 'Disable'),
(80, 'Disable'),
(88, 'Disable'),
(89, 'Disable'),
(96, 'Disable'),
(97, 'Disable'),
(108, 'Disable'),
(150, 'Disable'),
(115, 'Dizzy Punch'),
(29, 'Double Kick'),
(30, 'Double Kick'),
(32, 'Double Kick'),
(33, 'Double Kick'),
(106, 'Double Kick'),
(135, 'Double Kick'),
(35, 'Double Slap'),
(36, 'Double Slap'),
(39, 'Double Slap'),
(40, 'Double Slap'),
(60, 'Double Slap'),
(61, 'Double Slap'),
(62, 'Double Slap'),
(113, 'Double Slap'),
(122, 'Double Slap'),
(124, 'Double Slap'),
(123, 'Double Team'),
(39, 'Double-Edge'),
(113, 'Double-Edge'),
(143, 'Double-Edge'),
(130, 'Dragon Rage'),
(147, 'Dragon Rage'),
(148, 'Dragon Rage'),
(149, 'Dragon Rage'),
(92, 'Dream Eater'),
(93, 'Dream Eater'),
(94, 'Dream Eater'),
(21, 'Drill Peck'),
(22, 'Drill Peck'),
(84, 'Drill Peck'),
(85, 'Drill Peck'),
(145, 'Drill Peck'),
(50, 'Earthquake'),
(51, 'Earthquake'),
(74, 'Earthquake'),
(75, 'Earthquake'),
(76, 'Earthquake'),
(4, 'Ember'),
(5, 'Ember'),
(6, 'Ember'),
(37, 'Ember'),
(38, 'Ember'),
(58, 'Ember'),
(59, 'Ember'),
(77, 'Ember'),
(78, 'Ember'),
(126, 'Ember'),
(136, 'Ember'),
(74, 'Explosion'),
(75, 'Explosion'),
(76, 'Explosion'),
(100, 'Explosion'),
(101, 'Explosion'),
(109, 'Explosion'),
(110, 'Explosion'),
(107, 'Fire Punch'),
(126, 'Fire Punch'),
(4, 'Fire Spin'),
(5, 'Fire Spin'),
(6, 'Fire Spin'),
(37, 'Fire Spin'),
(77, 'Fire Spin'),
(78, 'Fire Spin'),
(136, 'Fire Spin'),
(146, 'Fire Spin'),
(4, 'Flamethrower'),
(5, 'Flamethrower'),
(6, 'Flamethrower'),
(37, 'Flamethrower'),
(58, 'Flamethrower'),
(126, 'Flamethrower'),
(136, 'Flamethrower'),
(15, 'Focus Energy'),
(19, 'Focus Energy'),
(20, 'Focus Energy'),
(32, 'Focus Energy'),
(33, 'Focus Energy'),
(56, 'Focus Energy'),
(57, 'Focus Energy'),
(66, 'Focus Energy'),
(67, 'Focus Energy'),
(68, 'Focus Energy'),
(104, 'Focus Energy'),
(105, 'Focus Energy'),
(106, 'Focus Energy'),
(123, 'Focus Energy'),
(127, 'Focus Energy'),
(15, 'Fury Attack'),
(21, 'Fury Attack'),
(22, 'Fury Attack'),
(32, 'Fury Attack'),
(33, 'Fury Attack'),
(83, 'Fury Attack'),
(84, 'Fury Attack'),
(85, 'Fury Attack'),
(111, 'Fury Attack'),
(112, 'Fury Attack'),
(118, 'Fury Attack'),
(119, 'Fury Attack'),
(27, 'Fury Swipes'),
(28, 'Fury Swipes'),
(29, 'Fury Swipes'),
(30, 'Fury Swipes'),
(52, 'Fury Swipes'),
(53, 'Fury Swipes'),
(54, 'Fury Swipes'),
(55, 'Fury Swipes'),
(56, 'Fury Swipes'),
(57, 'Fury Swipes'),
(23, 'Glare'),
(24, 'Glare'),
(1, 'Growl'),
(2, 'Growl'),
(3, 'Growl'),
(4, 'Growl'),
(5, 'Growl'),
(6, 'Growl'),
(21, 'Growl'),
(22, 'Growl'),
(25, 'Growl'),
(26, 'Growl'),
(29, 'Growl'),
(30, 'Growl'),
(35, 'Growl'),
(50, 'Growl'),
(51, 'Growl'),
(52, 'Growl'),
(53, 'Growl'),
(77, 'Growl'),
(78, 'Growl'),
(79, 'Growl'),
(80, 'Growl'),
(84, 'Growl'),
(85, 'Growl'),
(86, 'Growl'),
(87, 'Growl'),
(104, 'Growl'),
(105, 'Growl'),
(113, 'Growl'),
(131, 'Growl'),
(1, 'Growth'),
(2, 'Growth'),
(3, 'Growth'),
(46, 'Growth'),
(47, 'Growth'),
(69, 'Growth'),
(70, 'Growth'),
(114, 'Growth'),
(98, 'Guillotine'),
(99, 'Guillotine'),
(127, 'Guillotine'),
(16, 'Gust'),
(17, 'Gust'),
(18, 'Gust'),
(11, 'Harden'),
(14, 'Harden'),
(74, 'Harden'),
(75, 'Harden'),
(76, 'Harden'),
(88, 'Harden'),
(89, 'Harden'),
(95, 'Harden'),
(98, 'Harden'),
(99, 'Harden'),
(120, 'Harden'),
(121, 'Harden'),
(127, 'Harden'),
(140, 'Harden'),
(141, 'Harden'),
(143, 'Harden'),
(41, 'Haze'),
(42, 'Haze'),
(109, 'Haze'),
(110, 'Haze'),
(134, 'Haze'),
(79, 'Headbutt'),
(80, 'Headbutt'),
(86, 'Headbutt'),
(87, 'Headbutt'),
(96, 'Headbutt'),
(97, 'Headbutt'),
(143, 'Headbutt'),
(106, 'High Jump Kick'),
(32, 'Horn Attack'),
(33, 'Horn Attack'),
(34, 'Horn Attack'),
(111, 'Horn Attack'),
(112, 'Horn Attack'),
(118, 'Horn Attack'),
(119, 'Horn Attack'),
(138, 'Horn Attack'),
(139, 'Horn Attack'),
(32, 'Horn Drill'),
(33, 'Horn Drill'),
(111, 'Horn Drill'),
(112, 'Horn Drill'),
(118, 'Horn Drill'),
(119, 'Horn Drill'),
(7, 'Hydro Pump'),
(8, 'Hydro Pump'),
(9, 'Hydro Pump'),
(54, 'Hydro Pump'),
(55, 'Hydro Pump'),
(60, 'Hydro Pump'),
(61, 'Hydro Pump'),
(72, 'Hydro Pump'),
(73, 'Hydro Pump'),
(116, 'Hydro Pump'),
(117, 'Hydro Pump'),
(120, 'Hydro Pump'),
(130, 'Hydro Pump'),
(131, 'Hydro Pump'),
(134, 'Hydro Pump'),
(138, 'Hydro Pump'),
(139, 'Hydro Pump'),
(140, 'Hydro Pump'),
(141, 'Hydro Pump'),
(130, 'Hyper Beam'),
(142, 'Hyper Beam'),
(143, 'Hyper Beam'),
(147, 'Hyper Beam'),
(148, 'Hyper Beam'),
(149, 'Hyper Beam'),
(19, 'Hyper Fang'),
(20, 'Hyper Fang'),
(60, 'Hypnosis'),
(61, 'Hypnosis'),
(62, 'Hypnosis'),
(92, 'Hypnosis'),
(93, 'Hypnosis'),
(94, 'Hypnosis'),
(96, 'Hypnosis'),
(97, 'Hypnosis'),
(102, 'Hypnosis'),
(103, 'Hypnosis'),
(86, 'Ice Beam'),
(87, 'Ice Beam'),
(90, 'Ice Beam'),
(131, 'Ice Beam'),
(144, 'Ice Beam'),
(107, 'Ice Punch'),
(124, 'Ice Punch'),
(106, 'Jump Kick'),
(56, 'Karate Chop'),
(57, 'Karate Chop'),
(66, 'Karate Chop'),
(67, 'Karate Chop'),
(68, 'Karate Chop'),
(41, 'Leech Life'),
(42, 'Leech Life'),
(46, 'Leech Life'),
(47, 'Leech Life'),
(48, 'Leech Life'),
(49, 'Leech Life'),
(1, 'Leech Seed'),
(2, 'Leech Seed'),
(3, 'Leech Seed'),
(102, 'Leech Seed'),
(4, 'Leer'),
(5, 'Leer'),
(6, 'Leer'),
(21, 'Leer'),
(22, 'Leer'),
(23, 'Leer'),
(24, 'Leer'),
(32, 'Leer'),
(33, 'Leer'),
(56, 'Leer'),
(57, 'Leer'),
(58, 'Leer'),
(59, 'Leer'),
(66, 'Leer'),
(67, 'Leer'),
(68, 'Leer'),
(83, 'Leer'),
(90, 'Leer'),
(98, 'Leer'),
(99, 'Leer'),
(104, 'Leer'),
(105, 'Leer'),
(111, 'Leer'),
(112, 'Leer'),
(115, 'Leer'),
(116, 'Leer'),
(117, 'Leer'),
(123, 'Leer'),
(125, 'Leer'),
(126, 'Leer'),
(128, 'Leer'),
(130, 'Leer'),
(136, 'Leer'),
(138, 'Leer'),
(139, 'Leer'),
(140, 'Leer'),
(141, 'Leer'),
(146, 'Leer'),
(147, 'Leer'),
(148, 'Leer'),
(149, 'Leer'),
(92, 'Lick'),
(93, 'Lick'),
(94, 'Lick'),
(124, 'Lick'),
(35, 'Light Screen'),
(100, 'Light Screen'),
(101, 'Light Screen'),
(113, 'Light Screen'),
(120, 'Light Screen'),
(122, 'Light Screen'),
(125, 'Light Screen'),
(145, 'Light Screen'),
(124, 'Lovely Kiss'),
(66, 'Low Kick'),
(67, 'Low Kick'),
(68, 'Low Kick'),
(96, 'Meditate'),
(97, 'Meditate'),
(106, 'Meditate'),
(122, 'Meditate'),
(106, 'Mega Kick'),
(107, 'Mega Punch'),
(115, 'Mega Punch'),
(151, 'Mega Punch'),
(35, 'Metronome'),
(36, 'Metronome'),
(151, 'Metronome'),
(35, 'Minimize'),
(36, 'Minimize'),
(88, 'Minimize'),
(89, 'Minimize'),
(113, 'Minimize'),
(120, 'Minimize'),
(16, 'Mirror Move'),
(17, 'Mirror Move'),
(18, 'Mirror Move'),
(21, 'Mirror Move'),
(22, 'Mirror Move'),
(131, 'Mist'),
(134, 'Mist'),
(144, 'Mist'),
(150, 'Mist'),
(92, 'Night Shade'),
(93, 'Night Shade'),
(94, 'Night Shade'),
(52, 'Pay Day'),
(53, 'Pay Day'),
(21, 'Peck'),
(22, 'Peck'),
(83, 'Peck'),
(84, 'Peck'),
(85, 'Peck'),
(118, 'Peck'),
(119, 'Peck'),
(144, 'Peck'),
(146, 'Peck'),
(43, 'Petal Dance'),
(44, 'Petal Dance'),
(45, 'Petal Dance'),
(15, 'Pin Missile'),
(135, 'Pin Missile'),
(88, 'Poison Gas'),
(89, 'Poison Gas'),
(96, 'Poison Gas'),
(97, 'Poison Gas'),
(1, 'Poison Powder'),
(2, 'Poison Powder'),
(3, 'Poison Powder'),
(12, 'Poison Powder'),
(43, 'Poison Powder'),
(44, 'Poison Powder'),
(45, 'Poison Powder'),
(48, 'Poison Powder'),
(49, 'Poison Powder'),
(69, 'Poison Powder'),
(70, 'Poison Powder'),
(71, 'Poison Powder'),
(102, 'Poison Powder'),
(114, 'Poison Powder'),
(13, 'Poison Sting'),
(23, 'Poison Sting'),
(24, 'Poison Sting'),
(27, 'Poison Sting'),
(28, 'Poison Sting'),
(29, 'Poison Sting'),
(30, 'Poison Sting'),
(31, 'Poison Sting'),
(32, 'Poison Sting'),
(33, 'Poison Sting'),
(34, 'Poison Sting'),
(72, 'Poison Sting'),
(73, 'Poison Sting'),
(35, 'Pound'),
(39, 'Pound'),
(88, 'Pound'),
(89, 'Pound'),
(96, 'Pound'),
(97, 'Pound'),
(113, 'Pound'),
(124, 'Pound'),
(151, 'Pound'),
(12, 'Psybeam'),
(48, 'Psybeam'),
(49, 'Psybeam'),
(64, 'Psybeam'),
(65, 'Psybeam'),
(137, 'Psybeam'),
(48, 'Psychic'),
(49, 'Psychic'),
(64, 'Psychic'),
(65, 'Psychic'),
(79, 'Psychic'),
(80, 'Psychic'),
(96, 'Psychic'),
(97, 'Psychic'),
(150, 'Psychic'),
(151, 'Psychic'),
(16, 'Quick Attack'),
(17, 'Quick Attack'),
(18, 'Quick Attack'),
(19, 'Quick Attack'),
(20, 'Quick Attack'),
(25, 'Quick Attack'),
(37, 'Quick Attack'),
(38, 'Quick Attack'),
(123, 'Quick Attack'),
(125, 'Quick Attack'),
(133, 'Quick Attack'),
(134, 'Quick Attack'),
(135, 'Quick Attack'),
(136, 'Quick Attack'),
(4, 'Rage'),
(5, 'Rage'),
(6, 'Rage'),
(15, 'Rage'),
(84, 'Rage'),
(85, 'Rage'),
(95, 'Rage'),
(104, 'Rage'),
(105, 'Rage'),
(115, 'Rage'),
(128, 'Rage'),
(136, 'Rage'),
(1, 'Razor Leaf'),
(2, 'Razor Leaf'),
(3, 'Razor Leaf'),
(69, 'Razor Leaf'),
(70, 'Razor Leaf'),
(71, 'Razor Leaf'),
(64, 'Recover'),
(65, 'Recover'),
(120, 'Recover'),
(137, 'Recover'),
(150, 'Recover'),
(64, 'Reflect'),
(65, 'Reflect'),
(102, 'Reflect'),
(39, 'Rest'),
(86, 'Rest'),
(87, 'Rest'),
(143, 'Rest'),
(37, 'Roar'),
(38, 'Roar'),
(58, 'Roar'),
(59, 'Roar'),
(74, 'Rock Throw'),
(75, 'Rock Throw'),
(76, 'Rock Throw'),
(95, 'Rock Throw'),
(106, 'Rolling Kick'),
(16, 'Sand Attack'),
(17, 'Sand Attack'),
(18, 'Sand Attack'),
(27, 'Sand Attack'),
(28, 'Sand Attack'),
(50, 'Sand Attack'),
(51, 'Sand Attack'),
(83, 'Sand Attack'),
(133, 'Sand Attack'),
(134, 'Sand Attack'),
(135, 'Sand Attack'),
(136, 'Sand Attack'),
(4, 'Scratch'),
(5, 'Scratch'),
(6, 'Scratch'),
(27, 'Scratch'),
(28, 'Scratch'),
(29, 'Scratch'),
(30, 'Scratch'),
(31, 'Scratch'),
(46, 'Scratch'),
(47, 'Scratch'),
(50, 'Scratch'),
(51, 'Scratch'),
(52, 'Scratch'),
(53, 'Scratch'),
(54, 'Scratch'),
(55, 'Scratch'),
(56, 'Scratch'),
(57, 'Scratch'),
(140, 'Scratch'),
(141, 'Scratch'),
(23, 'Screech'),
(24, 'Screech'),
(42, 'Screech'),
(52, 'Screech'),
(53, 'Screech'),
(72, 'Screech'),
(73, 'Screech'),
(81, 'Screech'),
(82, 'Screech'),
(88, 'Screech'),
(89, 'Screech'),
(95, 'Screech'),
(100, 'Screech'),
(101, 'Screech'),
(108, 'Screech'),
(125, 'Screech'),
(56, 'Seismic Toss'),
(57, 'Seismic Toss'),
(66, 'Seismic Toss'),
(67, 'Seismic Toss'),
(68, 'Seismic Toss'),
(127, 'Seismic Toss'),
(74, 'Self-Destruct'),
(75, 'Self-Destruct'),
(76, 'Self-Destruct'),
(100, 'Self-Destruct'),
(101, 'Self-Destruct'),
(109, 'Self-Destruct'),
(110, 'Self-Destruct'),
(137, 'Sharpen'),
(35, 'Sing'),
(36, 'Sing'),
(39, 'Sing'),
(40, 'Sing'),
(113, 'Sing'),
(131, 'Sing'),
(7, 'Skull Bash'),
(8, 'Skull Bash'),
(9, 'Skull Bash'),
(146, 'Sky Attack'),
(69, 'Slam'),
(70, 'Slam'),
(95, 'Slam'),
(108, 'Slam'),
(114, 'Slam'),
(147, 'Slam'),
(148, 'Slam'),
(149, 'Slam'),
(4, 'Slash'),
(5, 'Slash'),
(6, 'Slash'),
(27, 'Slash'),
(28, 'Slash'),
(46, 'Slash'),
(47, 'Slash'),
(50, 'Slash'),
(51, 'Slash'),
(52, 'Slash'),
(53, 'Slash'),
(83, 'Slash'),
(123, 'Slash'),
(127, 'Slash'),
(140, 'Slash'),
(141, 'Slash'),
(1, 'Sleep Powder'),
(2, 'Sleep Powder'),
(3, 'Sleep Powder'),
(12, 'Sleep Powder'),
(43, 'Sleep Powder'),
(44, 'Sleep Powder'),
(45, 'Sleep Powder'),
(48, 'Sleep Powder'),
(49, 'Sleep Powder'),
(69, 'Sleep Powder'),
(70, 'Sleep Powder'),
(71, 'Sleep Powder'),
(102, 'Sleep Powder'),
(114, 'Sleep Powder'),
(88, 'Sludge'),
(89, 'Sludge'),
(109, 'Sludge'),
(110, 'Sludge'),
(109, 'Smog'),
(110, 'Smog'),
(126, 'Smog'),
(109, 'Smokescreen'),
(110, 'Smokescreen'),
(116, 'Smokescreen'),
(117, 'Smokescreen'),
(126, 'Smokescreen'),
(1, 'Solar Beam'),
(2, 'Solar Beam'),
(3, 'Solar Beam'),
(43, 'Solar Beam'),
(44, 'Solar Beam'),
(102, 'Solar Beam'),
(81, 'Sonic Boom'),
(82, 'Sonic Boom'),
(100, 'Sonic Boom'),
(101, 'Sonic Boom'),
(91, 'Spike Cannon'),
(138, 'Spike Cannon'),
(139, 'Spike Cannon'),
(129, 'Splash'),
(46, 'Spore'),
(47, 'Spore'),
(77, 'Stomp'),
(78, 'Stomp'),
(98, 'Stomp'),
(99, 'Stomp'),
(103, 'Stomp'),
(108, 'Stomp'),
(111, 'Stomp'),
(112, 'Stomp'),
(128, 'Stomp'),
(10, 'String Shot'),
(13, 'String Shot'),
(12, 'Stun Spore'),
(43, 'Stun Spore'),
(44, 'Stun Spore'),
(45, 'Stun Spore'),
(46, 'Stun Spore'),
(47, 'Stun Spore'),
(48, 'Stun Spore'),
(49, 'Stun Spore'),
(69, 'Stun Spore'),
(70, 'Stun Spore'),
(71, 'Stun Spore'),
(102, 'Stun Spore'),
(114, 'Stun Spore'),
(66, 'Submission'),
(67, 'Submission'),
(68, 'Submission'),
(122, 'Substitute'),
(19, 'Super Fang'),
(20, 'Super Fang'),
(12, 'Supersonic'),
(41, 'Supersonic'),
(42, 'Supersonic'),
(72, 'Supersonic'),
(73, 'Supersonic'),
(81, 'Supersonic'),
(82, 'Supersonic'),
(90, 'Supersonic'),
(91, 'Supersonic'),
(108, 'Supersonic'),
(118, 'Supersonic'),
(119, 'Supersonic'),
(142, 'Supersonic'),
(25, 'Swift'),
(27, 'Swift'),
(28, 'Swift'),
(81, 'Swift'),
(82, 'Swift'),
(100, 'Swift'),
(101, 'Swift'),
(120, 'Swift'),
(150, 'Swift'),
(83, 'Swords Dance'),
(123, 'Swords Dance'),
(127, 'Swords Dance'),
(1, 'Tackle'),
(2, 'Tackle'),
(3, 'Tackle'),
(7, 'Tackle'),
(8, 'Tackle'),
(9, 'Tackle'),
(10, 'Tackle'),
(19, 'Tackle'),
(20, 'Tackle'),
(29, 'Tackle'),
(30, 'Tackle'),
(31, 'Tackle'),
(32, 'Tackle'),
(33, 'Tackle'),
(34, 'Tackle'),
(48, 'Tackle'),
(49, 'Tackle'),
(74, 'Tackle'),
(75, 'Tackle'),
(76, 'Tackle'),
(81, 'Tackle'),
(82, 'Tackle'),
(90, 'Tackle'),
(95, 'Tackle'),
(100, 'Tackle'),
(101, 'Tackle'),
(109, 'Tackle'),
(110, 'Tackle'),
(120, 'Tackle'),
(121, 'Tackle'),
(128, 'Tackle'),
(129, 'Tackle'),
(133, 'Tackle'),
(134, 'Tackle'),
(135, 'Tackle'),
(136, 'Tackle'),
(137, 'Tackle'),
(7, 'Tail Whip'),
(8, 'Tail Whip'),
(9, 'Tail Whip'),
(19, 'Tail Whip'),
(20, 'Tail Whip'),
(29, 'Tail Whip'),
(30, 'Tail Whip'),
(31, 'Tail Whip'),
(37, 'Tail Whip'),
(38, 'Tail Whip'),
(54, 'Tail Whip'),
(55, 'Tail Whip'),
(77, 'Tail Whip'),
(78, 'Tail Whip'),
(111, 'Tail Whip'),
(112, 'Tail Whip'),
(115, 'Tail Whip'),
(118, 'Tail Whip'),
(119, 'Tail Whip'),
(128, 'Tail Whip'),
(133, 'Tail Whip'),
(134, 'Tail Whip'),
(135, 'Tail Whip'),
(136, 'Tail Whip'),
(58, 'Take Down'),
(59, 'Take Down'),
(77, 'Take Down'),
(78, 'Take Down'),
(86, 'Take Down'),
(87, 'Take Down'),
(111, 'Take Down'),
(112, 'Take Down'),
(128, 'Take Down'),
(133, 'Take Down'),
(142, 'Take Down'),
(63, 'Teleport'),
(64, 'Teleport'),
(65, 'Teleport'),
(34, 'Thrash'),
(56, 'Thrash'),
(57, 'Thrash'),
(104, 'Thrash'),
(105, 'Thrash'),
(124, 'Thrash'),
(25, 'Thunder'),
(125, 'Thunder'),
(135, 'Thunder'),
(145, 'Thunder'),
(107, 'Thunder Punch'),
(125, 'Thunder Punch'),
(25, 'Thunder Shock'),
(26, 'Thunder Shock'),
(81, 'Thunder Shock'),
(82, 'Thunder Shock'),
(125, 'Thunder Shock'),
(135, 'Thunder Shock'),
(145, 'Thunder Shock'),
(25, 'Thunder Wave'),
(26, 'Thunder Wave'),
(81, 'Thunder Wave'),
(82, 'Thunder Wave'),
(135, 'Thunder Wave'),
(147, 'Thunder Wave'),
(148, 'Thunder Wave'),
(149, 'Thunder Wave'),
(132, 'Transform'),
(151, 'Transform'),
(84, 'Tri Attack'),
(85, 'Tri Attack'),
(137, 'Tri Attack'),
(15, 'Twineedle'),
(98, 'Vice Grip'),
(99, 'Vice Grip'),
(127, 'Vice Grip'),
(1, 'Vine Whip'),
(2, 'Vine Whip'),
(3, 'Vine Whip'),
(69, 'Vine Whip'),
(70, 'Vine Whip'),
(7, 'Water Gun'),
(8, 'Water Gun'),
(9, 'Water Gun'),
(60, 'Water Gun'),
(61, 'Water Gun'),
(62, 'Water Gun'),
(72, 'Water Gun'),
(73, 'Water Gun'),
(79, 'Water Gun'),
(80, 'Water Gun'),
(116, 'Water Gun'),
(117, 'Water Gun'),
(120, 'Water Gun'),
(121, 'Water Gun'),
(131, 'Water Gun'),
(134, 'Water Gun'),
(138, 'Water Gun'),
(139, 'Water Gun'),
(118, 'Waterfall'),
(119, 'Waterfall'),
(12, 'Whirlwind'),
(16, 'Whirlwind'),
(17, 'Whirlwind'),
(18, 'Whirlwind'),
(16, 'Wing Attack'),
(17, 'Wing Attack'),
(18, 'Wing Attack'),
(41, 'Wing Attack'),
(42, 'Wing Attack'),
(142, 'Wing Attack'),
(7, 'Withdraw'),
(8, 'Withdraw'),
(9, 'Withdraw'),
(80, 'Withdraw'),
(90, 'Withdraw'),
(91, 'Withdraw'),
(138, 'Withdraw'),
(139, 'Withdraw'),
(23, 'Wrap'),
(24, 'Wrap'),
(69, 'Wrap'),
(70, 'Wrap'),
(71, 'Wrap'),
(72, 'Wrap'),
(73, 'Wrap'),
(108, 'Wrap'),
(147, 'Wrap'),
(148, 'Wrap'),
(149, 'Wrap');

-- --------------------------------------------------------

--
-- Table structure for table `PokemonHasTypes`
--

CREATE TABLE `PokemonHasTypes` (
  `PID` int(11) NOT NULL DEFAULT '0',
  `TypeName` varchar(50) NOT NULL DEFAULT ''
) ENGINE=InnoDB DEFAULT CHARSET=utf8;

--
-- Dumping data for table `PokemonHasTypes`
--

INSERT INTO `PokemonHasTypes` (`PID`, `TypeName`) VALUES
(10, 'Bug'),
(11, 'Bug'),
(12, 'Bug'),
(13, 'Bug'),
(14, 'Bug'),
(15, 'Bug'),
(46, 'Bug'),
(47, 'Bug'),
(48, 'Bug'),
(49, 'Bug'),
(123, 'Bug'),
(127, 'Bug'),
(147, 'Dragon'),
(148, 'Dragon'),
(149, 'Dragon'),
(25, 'Electric'),
(26, 'Electric'),
(81, 'Electric'),
(82, 'Electric'),
(100, 'Electric'),
(101, 'Electric'),
(125, 'Electric'),
(135, 'Electric'),
(145, 'Electric'),
(56, 'Fighting'),
(57, 'Fighting'),
(62, 'Fighting'),
(66, 'Fighting'),
(67, 'Fighting'),
(68, 'Fighting'),
(106, 'Fighting'),
(107, 'Fighting'),
(4, 'Fire'),
(5, 'Fire'),
(6, 'Fire'),
(37, 'Fire'),
(38, 'Fire'),
(58, 'Fire'),
(59, 'Fire'),
(77, 'Fire'),
(78, 'Fire'),
(126, 'Fire'),
(136, 'Fire'),
(146, 'Fire'),
(6, 'Flying'),
(12, 'Flying'),
(16, 'Flying'),
(17, 'Flying'),
(18, 'Flying'),
(21, 'Flying'),
(22, 'Flying'),
(41, 'Flying'),
(42, 'Flying'),
(83, 'Flying'),
(84, 'Flying'),
(85, 'Flying'),
(123, 'Flying'),
(130, 'Flying'),
(142, 'Flying'),
(144, 'Flying'),
(145, 'Flying'),
(146, 'Flying'),
(149, 'Flying'),
(92, 'Ghost'),
(93, 'Ghost'),
(94, 'Ghost'),
(1, 'Grass'),
(2, 'Grass'),
(3, 'Grass'),
(43, 'Grass'),
(44, 'Grass'),
(45, 'Grass'),
(46, 'Grass'),
(47, 'Grass'),
(69, 'Grass'),
(70, 'Grass'),
(71, 'Grass'),
(102, 'Grass'),
(103, 'Grass'),
(114, 'Grass'),
(27, 'Ground'),
(28, 'Ground'),
(31, 'Ground'),
(34, 'Ground'),
(50, 'Ground'),
(51, 'Ground'),
(74, 'Ground'),
(75, 'Ground'),
(76, 'Ground'),
(95, 'Ground'),
(104, 'Ground'),
(105, 'Ground'),
(111, 'Ground'),
(112, 'Ground'),
(87, 'Ice'),
(91, 'Ice'),
(124, 'Ice'),
(131, 'Ice'),
(144, 'Ice'),
(16, 'Normal'),
(17, 'Normal'),
(18, 'Normal'),
(19, 'Normal'),
(20, 'Normal'),
(21, 'Normal'),
(22, 'Normal'),
(35, 'Normal'),
(36, 'Normal'),
(39, 'Normal'),
(40, 'Normal'),
(52, 'Normal'),
(53, 'Normal'),
(83, 'Normal'),
(84, 'Normal'),
(85, 'Normal'),
(108, 'Normal'),
(113, 'Normal'),
(115, 'Normal'),
(128, 'Normal'),
(132, 'Normal'),
(133, 'Normal'),
(137, 'Normal'),
(143, 'Normal'),
(1, 'Poison'),
(2, 'Poison'),
(3, 'Poison'),
(13, 'Poison'),
(14, 'Poison'),
(15, 'Poison'),
(23, 'Poison'),
(24, 'Poison'),
(29, 'Poison'),
(30, 'Poison'),
(31, 'Poison'),
(32, 'Poison'),
(33, 'Poison'),
(34, 'Poison'),
(41, 'Poison'),
(42, 'Poison'),
(43, 'Poison'),
(44, 'Poison'),
(45, 'Poison'),
(48, 'Poison'),
(49, 'Poison'),
(69, 'Poison'),
(70, 'Poison'),
(71, 'Poison'),
(72, 'Poison'),
(73, 'Poison'),
(88, 'Poison'),
(89, 'Poison'),
(92, 'Poison'),
(93, 'Poison'),
(94, 'Poison'),
(109, 'Poison'),
(110, 'Poison'),
(63, 'Psychic'),
(64, 'Psychic'),
(65, 'Psychic'),
(79, 'Psychic'),
(80, 'Psychic'),
(96, 'Psychic'),
(97, 'Psychic'),
(102, 'Psychic'),
(103, 'Psychic'),
(121, 'Psychic'),
(122, 'Psychic'),
(124, 'Psychic'),
(150, 'Psychic'),
(151, 'Psychic'),
(74, 'Rock'),
(75, 'Rock'),
(76, 'Rock'),
(95, 'Rock'),
(111, 'Rock'),
(112, 'Rock'),
(138, 'Rock'),
(139, 'Rock'),
(140, 'Rock'),
(141, 'Rock'),
(142, 'Rock'),
(7, 'Water'),
(8, 'Water'),
(9, 'Water'),
(54, 'Water'),
(55, 'Water'),
(60, 'Water'),
(61, 'Water'),
(62, 'Water'),
(72, 'Water'),
(73, 'Water'),
(79, 'Water'),
(80, 'Water'),
(86, 'Water'),
(87, 'Water'),
(90, 'Water'),
(91, 'Water'),
(98, 'Water'),
(99, 'Water'),
(116, 'Water'),
(117, 'Water'),
(118, 'Water'),
(119, 'Water'),
(120, 'Water'),
(121, 'Water'),
(129, 'Water'),
(130, 'Water'),
(131, 'Water'),
(134, 'Water'),
(138, 'Water'),
(139, 'Water'),
(140, 'Water'),
(141, 'Water');

-- --------------------------------------------------------

--
-- Table structure for table `Stone`
--

CREATE TABLE `Stone` (
  `IID` int(11) NOT NULL DEFAULT '0'
) ENGINE=InnoDB DEFAULT CHARSET=utf8;

--
-- Dumping data for table `Stone`
--

INSERT INTO `Stone` (`IID`) VALUES
(10),
(32),
(33),
(34),
(47);

-- --------------------------------------------------------

--
-- Table structure for table `StoneEvolutions`
--

CREATE TABLE `StoneEvolutions` (
  `IID` int(11) NOT NULL DEFAULT '0',
  `EvolveToPID` int(11) NOT NULL DEFAULT '0'
) ENGINE=InnoDB DEFAULT CHARSET=utf8;

--
-- Dumping data for table `StoneEvolutions`
--

INSERT INTO `StoneEvolutions` (`IID`, `EvolveToPID`) VALUES
(33, 26),
(10, 31),
(10, 34),
(10, 36),
(32, 38),
(10, 40),
(47, 45),
(32, 59),
(34, 62),
(47, 71),
(34, 91),
(47, 103),
(34, 121),
(34, 134),
(33, 135),
(32, 136);

-- --------------------------------------------------------

--
-- Table structure for table `Types`
--

CREATE TABLE `Types` (
  `TypeName` varchar(50) NOT NULL DEFAULT ''
) ENGINE=InnoDB DEFAULT CHARSET=utf8;

--
-- Dumping data for table `Types`
--

INSERT INTO `Types` (`TypeName`) VALUES
('Bug'),
('Dark'),
('Dragon'),
('Electric'),
('Fighting'),
('Fire'),
('Flying'),
('Ghost'),
('Grass'),
('Ground'),
('Ice'),
('Normal'),
('Poison'),
('Psychic'),
('Rock'),
('Water');

--
-- Indexes for dumped tables
--

--
-- Indexes for table `Buildings`
--
ALTER TABLE `Buildings`
  ADD PRIMARY KEY (`BuildingName`),
  ADD KEY `LocationName` (`LocationName`);

--
-- Indexes for table `Encounters`
--
ALTER TABLE `Encounters`
  ADD PRIMARY KEY (`PokemonID`,`LocationName`),
  ADD KEY `LocationName` (`LocationName`);

--
-- Indexes for table `Gym`
--
ALTER TABLE `Gym`
  ADD PRIMARY KEY (`BuildingName`),
  ADD UNIQUE KEY `BadgeName` (`BadgeName`),
  ADD UNIQUE KEY `LeaderName` (`LeaderName`);

--
-- Indexes for table `Items`
--
ALTER TABLE `Items`
  ADD PRIMARY KEY (`IID`);

--
-- Indexes for table `Locations`
--
ALTER TABLE `Locations`
  ADD PRIMARY KEY (`LocationName`);

--
-- Indexes for table `Moves`
--
ALTER TABLE `Moves`
  ADD PRIMARY KEY (`MoveName`),
  ADD KEY `TypeName` (`TypeName`);

--
-- Indexes for table `Pokemart`
--
ALTER TABLE `Pokemart`
  ADD PRIMARY KEY (`BuildingName`);

--
-- Indexes for table `PokemartSellsItems`
--
ALTER TABLE `PokemartSellsItems`
  ADD PRIMARY KEY (`IID`,`BuildingName`),
  ADD KEY `BuildingName` (`BuildingName`);

--
-- Indexes for table `Pokemon`
--
ALTER TABLE `Pokemon`
  ADD PRIMARY KEY (`PID`),
  ADD UNIQUE KEY `PokemonName` (`PokemonName`);

--
-- Indexes for table `PokemonEvolvesTo`
--
ALTER TABLE `PokemonEvolvesTo`
  ADD PRIMARY KEY (`EvolveToPID`),
  ADD KEY `EvolveFromPID` (`EvolveFromPID`);

--
-- Indexes for table `PokemonHasMoves`
--
ALTER TABLE `PokemonHasMoves`
  ADD PRIMARY KEY (`PID`,`MoveName`),
  ADD KEY `MoveName` (`MoveName`);

--
-- Indexes for table `PokemonHasTypes`
--
ALTER TABLE `PokemonHasTypes`
  ADD PRIMARY KEY (`PID`,`TypeName`),
  ADD KEY `TypeName` (`TypeName`);

--
-- Indexes for table `Stone`
--
ALTER TABLE `Stone`
  ADD PRIMARY KEY (`IID`);

--
-- Indexes for table `StoneEvolutions`
--
ALTER TABLE `StoneEvolutions`
  ADD PRIMARY KEY (`IID`,`EvolveToPID`),
  ADD KEY `EvolveToPID` (`EvolveToPID`);

--
-- Indexes for table `Types`
--
ALTER TABLE `Types`
  ADD PRIMARY KEY (`TypeName`);

--
-- Constraints for dumped tables
--

--
-- Constraints for table `Buildings`
--
ALTER TABLE `Buildings`
  ADD CONSTRAINT `buildings_ibfk_1` FOREIGN KEY (`LocationName`) REFERENCES `Locations` (`LocationName`);

--
-- Constraints for table `Encounters`
--
ALTER TABLE `Encounters`
  ADD CONSTRAINT `encounters_ibfk_1` FOREIGN KEY (`PokemonID`) REFERENCES `Pokemon` (`PID`),
  ADD CONSTRAINT `encounters_ibfk_2` FOREIGN KEY (`LocationName`) REFERENCES `Locations` (`LocationName`);

--
-- Constraints for table `Gym`
--
ALTER TABLE `Gym`
  ADD CONSTRAINT `gym_ibfk_1` FOREIGN KEY (`BuildingName`) REFERENCES `Buildings` (`BuildingName`);

--
-- Constraints for table `Moves`
--
ALTER TABLE `Moves`
  ADD CONSTRAINT `moves_ibfk_1` FOREIGN KEY (`TypeName`) REFERENCES `Types` (`TypeName`);

--
-- Constraints for table `Pokemart`
--
ALTER TABLE `Pokemart`
  ADD CONSTRAINT `pokemart_ibfk_1` FOREIGN KEY (`BuildingName`) REFERENCES `Buildings` (`BuildingName`);

--
-- Constraints for table `PokemartSellsItems`
--
ALTER TABLE `PokemartSellsItems`
  ADD CONSTRAINT `pokemartsellsitems_ibfk_1` FOREIGN KEY (`IID`) REFERENCES `Items` (`IID`),
  ADD CONSTRAINT `pokemartsellsitems_ibfk_2` FOREIGN KEY (`BuildingName`) REFERENCES `Pokemart` (`BuildingName`);

--
-- Constraints for table `PokemonEvolvesTo`
--
ALTER TABLE `PokemonEvolvesTo`
  ADD CONSTRAINT `pokemonevolvesto_ibfk_1` FOREIGN KEY (`EvolveFromPID`) REFERENCES `Pokemon` (`PID`),
  ADD CONSTRAINT `pokemonevolvesto_ibfk_2` FOREIGN KEY (`EvolveToPID`) REFERENCES `Pokemon` (`PID`);

--
-- Constraints for table `PokemonHasMoves`
--
ALTER TABLE `PokemonHasMoves`
  ADD CONSTRAINT `pokemonhasmoves_ibfk_1` FOREIGN KEY (`PID`) REFERENCES `Pokemon` (`PID`),
  ADD CONSTRAINT `pokemonhasmoves_ibfk_2` FOREIGN KEY (`MoveName`) REFERENCES `Moves` (`MoveName`);

--
-- Constraints for table `PokemonHasTypes`
--
ALTER TABLE `PokemonHasTypes`
  ADD CONSTRAINT `pokemonhastypes_ibfk_1` FOREIGN KEY (`PID`) REFERENCES `Pokemon` (`PID`),
  ADD CONSTRAINT `pokemonhastypes_ibfk_2` FOREIGN KEY (`TypeName`) REFERENCES `Types` (`TypeName`);

--
-- Constraints for table `Stone`
--
ALTER TABLE `Stone`
  ADD CONSTRAINT `stone_ibfk_1` FOREIGN KEY (`IID`) REFERENCES `Items` (`IID`);

--
-- Constraints for table `StoneEvolutions`
--
ALTER TABLE `StoneEvolutions`
  ADD CONSTRAINT `stoneevolutions_ibfk_1` FOREIGN KEY (`EvolveToPID`) REFERENCES `Pokemon` (`PID`);

/*!40101 SET CHARACTER_SET_CLIENT=@OLD_CHARACTER_SET_CLIENT */;
/*!40101 SET CHARACTER_SET_RESULTS=@OLD_CHARACTER_SET_RESULTS */;
/*!40101 SET COLLATION_CONNECTION=@OLD_COLLATION_CONNECTION */;
